Symbol,int2,
fkh,18.00,
Tango9,11,
Noa36,12,
Noa36,3,
CG10014,6,
drm,15,
drm,59,
bowl,1,
bowl,1,
bowl,49,
CG10032,35,
CG10032,15,
CG10032,10,
CG10035,2,
CG43773,4,
MBD-R2,9,
RtGEF,79,
RtGEF,3,
RtGEF,50,
RtGEF,8,
RtGEF,1,
RtGEF,4,
RtGEF,24,
GstD1,7,
GstD1,312,
Syt4,12,
CG10051,6,
CG10051,6,
CG10053,33,
MAGE,82,
Sas-4,69,
Sas-4,2,
Sas-4,27,
Sas-4,5,
Sas-4,29,
MFS16,2,
emc,1,
emc,14,
emc,2,
RpL29,10,
CG10073,41,
CG10075,1,
spir,4,
spir,24,
spir,8,
Prat2,3,
Prat2,30,
Egfr,48,
mahj,58,
swm,8,
CG10086,16,
CG10086,21,
CG10086,6,
CG10086,2,
CG10103,10,
CG10103,1,
CG10103,11,
phyl,3,
phyl,33,
phyl,2,
phyl,10,
phyl,2,
L,24,
L,2,
Cpr51A,3,
ple,24,
CG10126,1,
CG10126,4,
tra2,9,
tra2,18,
CG10137,6,
PpD5,3,
CG10139,3,
CG10139,16,
CG10139,36,
CG10139,10,
CG10139,7,
CG10139,101,
robl62A,3,
robl62A,2,
CG10144,6,
Rpn6,1,
CG10151,8,
Trs31,6,
Trs31,1,
CG10154,114,
CG10154,84,
Spred,28,
CG10157,23,
CG10157,34,
CG10158,8,
BEAF-32,6,
BEAF-32,59,
BEAF-32,8,
BEAF-32,3,
ImpL3,32,
eIF-3p66,2,
CG10164,2,
CG10164,41,
CG10164,18,
CG10164,35,
CG10164,2,
Mfap1,5,
Mfap1,25,
Mfap1,7,
Mfap1,14,
Best2,106,
Ntf-2r,6,
Ntf-2r,104,
CG10176,4,
CG10177,1,
Mdr65,1,
Mdr65,3,
CG10189,5,
Mlp84B,4,
Mlp84B,15,
Mlp84B,4,
Mlp84B,5,
Mlp84B,48,
Mlp84B,17,
Mlp84B,21,
CG10195,8,
Nup98-96,3,
CG10205,16,
CG10205,7,
nop5,36,
nop5,25,
NaPi-T,32,
CG10208,173,
CG10209,28,
CG10209,24,
CG10209,23,
CG10209,2,
CG10209,11,
CG10209,4,
CG10209,15,
CG10209,11,
Dmtn,1,
CG10211,5,
CG10214,9,
Ercc1,6,
Ercc1,17,
Ercc1,14,
CG10219,4,
CG10222,6,
CG10222,4,
RanBP3,4,
RanBP3,1,
Kat60,6,
Kat60,1,
Kat60,2,
Kat60,5,
Rpn9,14,
rtp,3,
rtp,21,
CG10237,1,
Mocs2,45,
Cyp6a22,7,
Cyp6a19,21,
Cyp6a9,32,
prt,8,
CG10252,12,
Lap1,20,
CG10257,5,
aPKC,1,
Hakai,32,
Hakai,22,
Hakai,114,
Hakai,3,
Hakai,17,
CG10265,8,
CG10265,7,
CG10265,11,
Zif,37,
Zif,3,
Zif,11,
D19A,3,
D19A,24,
D19B,4,
GATAe,7,
Rm62,19,
Rm62,6,
Rm62,45,
TfIIFalpha,4,
Gasp,2,
how,1,
how,2,
CG10298,5,
CG10301,27,
CG10301,13,
RpS26,8,
RpS26,11,
CG10306,32,
CG10306,3,
CycJ,8,
CG10311,2,
CG10311,6,
eIF2B-delta,8,
eIF2B-delta,165,
NC2alpha,4,
NC2alpha,1,
NC2alpha,39,
NC2alpha,22,
NC2alpha,9,
CG10321,8,
CG10321,31,
CG10321,3,
CG10321,1,
CG10324,15,
CG10324,6,
CG10324,27,
CG10324,14,
CG10324,30,
CG10324,14,
CG10324,29,
CG10324,11,
CG10324,156,
TBPH,29,
TBPH,6,
TBPH,92,
nonA-l,7,
nonA-l,36,
spi,7,
Pbgs,6,
Pbgs,19,
CG10336,1,
CG10339,6,
CG10340,3,
CG10341,9,
CG10344,21,
Grip71,1,
CG10348,32,
CG10353,6,
ref(2)P,3,
ref(2)P,9,
Tep4,2,
msb1l,220,
msb1l,1,
msb1l,25,
msb1l,8,
msb1l,2,
CG10365,52,
CG10365,16,
CG10365,5,
CG10366,3,
CG10366,5,
Jwa,1,
Jwa,17,
Lsd-1,11,
Hrb27C,3,
Hrb27C,30,
mbc,19,
mbc,15,
tos,3,
Ubx,130,
sxc,1,
sxc,1,
sxc,18,
sxc,2,
sxc,2,
sxc,6,
sxc,12,
amos,15,
CG10395,9,
CG10396,2,
CG10396,7,
CG1041,38,
CG1041,18,
CG1041,1,
CG1041,14,
TfIIEalpha,16,
CG10418,15,
CG10418,10,
CG10418,9,
Gem2,47,
Gem2,11,
CG10424,21,
CG10426,21,
CG10440,32,
CG10440,27,
Nf-YB,31,
Catsup,23,
zen,55,
zen,1,
cer,73,
cer,3,
cer,7,
CG10462,19,
CG10465,1,
CG10465,2,
CG10465,22,
CG10466,34,
CG10466,2,
CG10469,28,
CG10470,2,
CG10472,12,
Jon65Ai,38,
alphaKap4,60,
alphaKap4,16,
alphaKap4,1,
alphaKap4,37,
Rcc1,7,
Rcc1,17,
Rcc1,55,
CG10483,4,
Rpn3,5,
Rpn3,46,
CG10486,1,
eyg,6,
eyg,2,
Pole2,8,
Pole2,18,
CG10494,3,
CG10494,4,
Sdc,7,
Aats-gln,4,
CG10508,11,
CG10508,14,
CG10510,1,
CG10510,5,
CG10513,1,
CG10513,4,
CG10513,22,
CG10514,110,
tub,4,
tub,26,
sti,13,
park,73,
Pkcdelta,26,
Pkcdelta,8,
CG10527,97,
CG10527,66,
CG10527,24,
CG10527,1,
fs(2)ltoPP43,7,
fs(2)ltoPP43,3,
Cht9,43,
Cht9,15,
Elp1,7,
cpa,3,
cpa,6,
cpa,6,
CG10550,5,
CG10550,2,
CG10559,1,
CG10559,34,
CG10559,21,
CG10559,199,
CG10559,1,
CG10565,16,
CG10565,28,
CG10566,3,
CG10570,4,
CG10570,23,
ko,3,
I-2,4,
CG10576,21,
DnaJ-1,38,
DnaJ-1,40,
Sin,2,
Sin,1,
CG10589,15,
CG10590,38,
Acer,2,
spo,15,
bsh,2,
bsh,24,
bsh,20,
bsh,19,
caup,3,
caup,13,
ECSIT,7,
CG10616,27,
tup,41,
tup,14,
tup,6,
tup,11,
tup,39,
CG10621,46,
nst,59,
CG10631,4,
sowah,6,
CG10635,4,
CG10635,5,
Snr1,38,
Snr1,7,
lama,68,
CG10651,17,
hk,27,
CG10654,1,
CG10654,6,
CG10654,2,
CG10654,4,
CG10654,46,
CG10654,3,
CG10654,5,
CG10657,128,
CG10663,20,
CoIV,1,
Prpk,12,
CG10674,4,
Nedd8,5,
CG10681,3,
CG10681,10,
CG10681,4,
rhi,5,
rhi,30,
rhi,1,
rhi,13,
rhi,14,
l(2)37Cg,18,
l(2)37Cg,7,
l(2)37Cg,4,
l(2)37Cg,3,
l(2)37Cg,6,
Pat1,66,
Pat1,41,
Pat1,9,
Pat1,32,
Pu,3,
Lim3,7,
Lim3,3,
Lim3,4,
Lim3,8,
Lim3,11,
Lim3,125,
Lim3,37,
Lim3,3,
Alh,12,
Moe,47,
GCC88,5,
toe,119,
E2f2,5,
E2f2,2,
CG10710,3,
CG10710,256,
CG10710,29,
Chro,1,
CG10721,12,
CG10721,1,
vls,18,
CG10732,2,
CG10734,2,
Liprin-beta,7,
CG10749,28,
CG10750,36,
CG10750,33,
CG10750,32,
CG10750,5,
robl,22,
CG10752,4,
SmD1,1,
SmD1,62,
CG10754,7,
Taf13,10,
Fip1,37,
ng1,23,
dm,13,
dm,77,
dm,5,
dm,10,
dm,5,
dm,2,
dm,38,
dm,6,
dm,5,
CG10799,9,
Rca1,8,
Rca1,10,
Rca1,27,
Rca1,7,
Rca1,1,
Rca1,3,
Rca1,25,
Rca1,17,
Rca1,8,
Rca1,2,
Rca1,3,
Rca1,3,
Nha1,6,
CG10809,24,
eIF4G,14,
eIF4G,9,
CG10814,2,
CG10822,5,
Cyp28d1,4,
robl22E,7,
robl22E,2,
Cyp4p1,17,
dyn-p25,18,
dyn-p25,3,
dyn-p25,48,
dyn-p25,1,
ntc,17,
ntc,3,
CG10869,27,
Vha26,3,
Vha26,54,
Sec24CD,9,
CG10887,5,
CG10887,30,
CG10889,2,
CG10889,40,
osk,5,
CG10903,10,
CG10909,16,
CG1091,2,
CG1091,9,
CG1091,36,
CG10911,9,
Spn55B,4,
Spn55B,3,
CG10914,4,
CG10914,17,
CG10914,25,
CG10918,77,
CG1092,6,
La,11,
CG10924,2,
CG10924,59,
CG10927,16,
CG10927,66,
Prosalpha5,52,
CG10943,8,
CG10947,9,
CG10948,15,
CG10948,6,
CG10949,6,
CG10949,14,
CG10949,3,
CG10949,1,
CG10949,30,
Arpc2,9,
Rtf1,1,
CG10959,30,
CG10959,4,
CG10959,16,
Traf6,25,
Traf6,61,
Traf6,8,
Corp,1,
Hip1,17,
Hip1,61,
Hip1,134,
Hip1,3,
Hip1,5,
Vap-33B,41,
Vap-33B,41,
Vap-33B,1,
Vap-33B,13,
jagn,16,
CG10979,31,
dgrn,2,
dgrn,1,
dgrn,3,
Grip91,1,
Dap160,3,
Dap160,11,
Dap160,1,
CG10996,36,
FK506-bp2,1,
CG42588,3,
CG42588,5,
Wbp2,1,
Wbp2,1,
Ref1,5,
Ref1,24,
Ref1,4,
Ref1,8,
cl,2,
isopeptidase-T-3,10,
Kdm2,25,
CG1104,27,
Efhc1.2,10,
Nplp2,2,
CG11052,15,
Hsl,2,
Hsl,93,
Hsl,1,
GM130,4,
GM130,10,
GM130,3,
GM130,111,
Rfabg,18,
CG11076,5,
CG34424,11,
PlexA,95,
PlexA,1,
Gadd45,33,
Nup93-1,52,
dsx,3,
dsx,5,
dsx,2,
pwn,4,
Mink,8,
so,53,
so,7,
so,9,
so,2,
so,4,
sPLA2,12,
CG11125,2,
CG11125,15,
CG11127,3,
slif,9,
DMAP1,10,
DMAP1,139,
CG11134,9,
CG11134,14,
CG11134,83,
p47,1,
Aldh-III,10,
obst-E,25,
obst-E,10,
mGluR,20,
Vps37B,1,
Vps37B,13,
Vps37B,1,
Vps37B,175,
CG11151,1,
mus101,8,
CG11159,33,
CG1116,11,
ZnT41F,3,
ZnT41F,30,
ZnT41F,1,
ZnT41F,14,
ZnT41F,1,
ZnT41F,28,
ZnT41F,1,
CG11164,1,
CG11165,1,
Eaf,10,
Eaf,5,
NFAT,22,
Snap29,2,
Snap29,19,
Snap29,155,
Tango2,1,
Tango2,2,
Tango2,10,
CG11180,44,
cup,10,
cup,12,
PHDP,45,
PHDP,10,
PHDP,2,
PHDP,3,
PHDP,14,
Dcp1,3,
Upf3,11,
Aatf,1,
Aatf,6,
Aatf,8,
CG11190,5,
Hey,5,
Hey,79,
IntS10,15,
IntS10,1,
IntS10,3,
CG11200,11,
CG11200,10,
TTLL3B,2,
org-1,13,
phr,31,
feo,11,
CG11208,9,
Ptr,5,
Cp38,16,
Cp38,14,
Cp38,24,
Cp38,12,
Obp56d,31,
hpo,9,
hpo,2,
hpo,9,
CG1124,6,
CG11247,1,
CG11247,3,
CG11247,9,
CG11248,12,
CG11249,15,
Zmynd10,1,
mael,1,
mael,1,
AdenoK,36,
AdenoK,2,
CG1126,3,
Trf4-1,3,
CG11266,18,
CG11266,5,
CG11266,10,
CG11266,11,
CG11266,1,
CG11266,8,
CG11266,5,
CG11266,10,
CG11267,102,
ste14,1,
ste14,36,
CG11269,5,
SRm160,2,
SRm160,2,
SRm160,5,
CG11275,4,
CG11275,1,
CG11275,5,
CG11275,1,
CG11275,55,
CG11275,17,
alpha-Est9,2,
caps,4,
CG11284,14,
CG11286,1,
CG1129,11,
CG1129,28,
Sesn,2,
Sesn,79,
Sesn,4,
Sesn,24,
Sesn,1,
CG11300,15,
Mes4,3,
Mes4,1,
Mes4,8,
Sirt7,17,
sa,19,
sa,1,
sa,2,
insc,1,
fd64A,8,
fd64A,2,
fd64A,1,
fd64A,31,
CG11320,20,
CG11322,13,
homer,31,
homer,10,
homer,1,
homer,2,
homer,37,
homer,11,
homer,5,
homer,9,
Tsp,29,
Tsp,10,
Tsp,13,
Tsp,3,
CG11327,5,
CG11337,1,
Mul1,5,
CG11340,3,
CG11345,14,
CG11345,1,
DOR,42,
DOR,4,
DOR,39,
CG11349,10,
Rcd5,9,
Rcd5,4,
Rcd5,1,
Rcd5,11,
CG11350,2,
CG11350,1,
Lim1,2,
Lim1,7,
Lim1,3,
CG11362,30,
CG1137,23,
CG11379,2,
CG1138,1,
CG11380,3,
CG11380,8,
CG11380,6,
CG11381,10,
CG11381,4,
CG11382,22,
ct,7,
PebIII,2,
PebIII,7,
CG11404,1,
Atf3,1,
CG11407,2,
CG11409,2,
CG11409,3,
CG11409,5,
CG11412,28,
CG11412,9,
CG11417,1,
APC10,2,
APC10,5,
CG1142,2,
rb,1,
rb,6,
CG11438,4,
CG11448,4,
CG11448,47,
CG11448,6,
CG11448,5,
CG11448,52,
CG11449,3,
Spc105R,17,
CG11454,1,
CG11454,7,
CG11454,12,
CG11455,1,
CG11456,4,
CG11456,19,
CG11456,8,
CG11474,69,
CG11486,1,
CG11486,2,
CG11486,85,
CG11486,10,
CG11486,12,
CG11486,4,
srpk79D,26,
srpk79D,5,
srpk79D,5,
Tbc1d15-17,1,
Tbc1d15-17,2,
br,8,
BtbVII,21,
rasp,34,
CG11498,53,
Osi6,6,
GstD4,23,
GstD4,2,
CG11523,7,
CG11523,5,
CycG,3,
CycG,8,
CG11526,4,
CG11526,9,
Tig,32,
Tig,7,
CG11534,2,
CG11534,1,
kermit,4,
kermit,6,
kermit,3,
kermit,4,
kermit,3,
kermit,1,
kermit,2,
kermit,2,
kermit,26,
CG11560,28,
CG11560,24,
smo,4,
CG11570,17,
CG11576,2,
CG11577,3,
arm,4,
arm,13,
arm,16,
CG11581,1,
CG11581,2,
CG11581,3,
VhaM9.7-c,7,
Dpy-30L2,12,
Dpy-30L2,3,
Dpy-30L2,1,
Dpy-30L2,8,
Dpy-30L2,22,
CG11594,2,
CG11596,2,
CG11601,1,
mbm,8,
mbm,1,
Rpp30,1,
H2.0,12,
Rlip,3,
Rlip,35,
Rlip,1,
Rlip,2,
Rlip,4,
Rlip,26,
Rlip,5,
Rlip,1,
Ubi-p63E,1,
Ubi-p63E,7,
step,32,
RpII18,19,
CG11635,28,
CG11635,8,
CG11638,1,
CG11638,41,
CG11638,22,
TfIIA-S-2,1,
Abd-B,30,
CG11652,9,
CG11652,132,
Ahcy13,1,
Ahcy13,13,
CG11656,74,
CG11656,42,
Arp6,1,
7B2,10,
mle,2,
mle,1,
CG11695,9,
CG11696,42,
CG11696,2,
CG11696,2,
CG11698,1,
CG11698,12,
CG11710,4,
Mob2,3,
Mob2,9,
CG45263,1,
CG11722,3,
CG11722,2,
CG11722,15,
CG11723,22,
Evi5,1,
l(1)G0004,1,
Pa1,10,
CG11753,15,
CG11755,4,
CG11756,1,
CG11756,26,
trsn,7,
trsn,25,
trsn,8,
trsn,14,
trsn,1,
trsn,33,
trsn,3,
trsn,10,
trsn,2,
trsn,14,
RanBPM,6,
RanBPM,1,
RanBPM,2,
RanBPM,8,
lin,5,
CG11786,1,
CG11790,7,
CG11790,5,
CG11791,12,
CG11796,3,
chn,25,
fd68A,1,
fd68A,17,
fd68A,8,
fd68A,16,
fd68A,1,
CG11802,23,
CG11802,37,
CG11802,5,
CG11808,5,
CG11808,1,
CG11811,1,
mv,8,
mv,19,
Ssl2,1,
Ssl2,1,
CG11835,5,
CG11835,4,
vig2,5,
dan,2,
CG11852,5,
Nup358,24,
CG11865,65,
CG43143,45,
CG43143,1,
CG43143,25,
CG11873,49,
CG11876,10,
CG11876,1,
CG11876,85,
CG11876,41,
CG11876,202,
CG11876,11,
CG11878,1,
dgt6,13,
dgt6,11,
dgt6,5,
dgt6,1,
CG11882,1,
CG11882,1,
CG11882,2,
CG11882,4,
CG11882,20,
CG11883,2,
CG11883,32,
CG11885,10,
Elp2,20,
Rpn2,7,
Rpn2,2,
CG11892,12,
CG11892,8,
CG11893,6,
m-cup,1,
m-cup,4,
m-cup,4,
m-cup,5,
m-cup,5,
m-cup,27,
CG11897,2,
CG11899,1,
CG11899,1,
Ef1gamma,4,
CG11905,4,
CG11905,1,
CG11905,1,
CG11906,4,
Ent1,4,
CG11920,1,
CG11920,89,
skpC,13,
skpC,3,
cora,28,
skap,13,
CG11964,1,
CG11964,3,
RagA-B,10,
RagA-B,20,
CG11970,1,
Prosbeta3,11,
Prosbeta3,8,
CG11984,1,
CG11985,74,
neur,3,
neur,8,
vnc,25,
vnc,11,
vnc,4,
CG11999,27,
spartin,34,
spartin,38,
Pxn,14,
Pxn,3,
CG12007,11,
CG12010,4,
CG12016,1,
CG12016,1,
CG12017,1,
Cdc37,7,
CG12020,1,
CG12020,2,
GV1,1,
Gale,10,
Gale,14,
CG12034,22,
CG12034,2,
Cpr100A,17,
Cpr100A,6,
Cpr100A,15,
Cpr100A,17,
Cpr100A,82,
Cpr100A,36,
Cpr100A,13,
Act42A,4,
lola,5,
lola,1,
lola,21,
lola,73,
CG12054,12,
Pka-C2,19,
CG12081,1,
CG12081,3,
CG12081,7,
pUf68,3,
pUf68,4,
pUf68,9,
pUf68,10,
Pdk1,4,
Pdk1,1,
Pdk1,2,
CG12106,44,
CG12107,28,
CG12107,5,
Ppt1,7,
spn-F,33,
spn-F,28,
spn-F,19,
spn-F,1,
spn-F,31,
spn-F,9,
spn-F,44,
CG12115,7,
CG12116,9,
CG12116,2,
CG12116,38,
CG12116,31,
CG12116,18,
CG12116,17,
p130CAS,11,
p130CAS,7,
p130CAS,5,
mxc,3,
CG12129,9,
CG1213,10,
c11.1,2,
Etf-QO,9,
Tsp42Ej,1,
CG12155,10,
CG12159,1,
mri,14,
mri,49,
mri,4,
mri,4,
mri,1,
mri,27,
Prosbeta2R2,11,
CG12162,74,
CG12171,4,
CG12171,2,
CG12171,26,
CG12173,17,
Nhe1,6,
CG12179,1,
CG1218,1,
CG12182,6,
CG12182,4,
Or22a,1,
Or22a,2,
CG12194,1,
CG12200,5,
CG12200,12,
Nat1,5,
mei-P26,3,
skpF,3,
skpF,2,
skpF,38,
skpF,10,
CG12229,22,
Arp10,1,
mRpS22,17,
CG12262,11,
CG12268,11,
angel,1,
Aos1,2,
CG12289,4,
CG12289,1,
CG12289,2,
Fadd,1,
Fadd,21,
Fadd,4,
sub,32,
sub,24,
CG12301,10,
CG12304,1,
CG12304,1,
CG12304,2,
polo,10,
CG1231,62,
CG12321,95,
Prosbeta5,3,
Prosbeta5,19,
CG12333,1,
Atg8b,22,
cag,1,
Cbp20,8,
CG12362,23,
CG12362,1,
CG12362,25,
Dlc90F,9,
Dlc90F,3,
Dlc90F,33,
Dlc90F,1,
Dlc90F,15,
Dlc90F,1,
Dlc90F,5,
Dlc90F,50,
O-fut1,1,
O-fut1,3,
Lac,1,
CG12374,85,
CG43330,3,
CG43330,88,
CG43330,20,
CG43330,75,
CG12379,2,
CG12379,2,
CG12379,1,
CG12379,2,
zetaTry,3,
zetaTry,6,
Fpps,14,
Fpps,3,
Fpps,5,
CG12391,22,
CG12393,1,
Nnp-1,1,
Mad,1,
Mad,19,
CG12404,18,
CG12404,2,
TpnC4,20,
Hsp83,38,
CG12426,41,
CG12428,10,
CG12428,3,
CG43658,9,
CG43658,30,
CG43996,32,
raw,21,
raw,2,
CG12448,1,
Pka-R1,2,
CG1246,19,
CG12470,5,
CG12470,3,
CG12470,5,
CG12470,11,
CG12470,11,
CG12470,18,
CG12470,3,
CG12470,4,
CG12470,2,
CG12470,1,
CG12470,4,
CG12470,28,
CG12470,17,
CG12470,2,
CG12470,23,
CG12470,16,
CG12470,2,
CG12470,2,
CG12470,12,
CG12470,1,
CG12470,6,
CG12470,5,
CG12470,11,
CG12470,14,
CG12470,1,
CG12470,9,
CG12470,14,
CG12470,1,
CG12470,1,
CG12470,2,
CG12470,1,
CG12470,2,
CG12470,93,
CG12470,11,
CG12470,25,
CG12477,23,
bru-3,4,
SmD2,23,
SmD2,1,
SmD2,9,
CG12491,41,
CG12491,42,
CG34355,6,
CG12496,13,
CG12498,11,
Sec23,27,
Or56a,32,
Arc1,30,
CG12506,3,
CG12511,56,
CG12517,2,
CG12521,7,
Zw,1,
AP-1-2beta,23,
AP-1-2beta,11,
AP-1-2beta,4,
AP-1-2beta,2,
CG12540,67,
nompB,7,
rl,10,
rl,1,
rl,23,
CG12560,5,
CG12567,9,
CG12576,3,
CG12576,22,
CG12576,1,
CG12576,15,
pav,3,
CG12581,36,
CG12581,3,
CG12581,1,
CG12589,2,
CG12589,1,
Cpr64Ad,6,
Cpr64Ad,5,
Cpr64Ad,2,
Cpr64Ad,3,
Cpr64Ad,21,
Cpr64Ad,18,
Cpr64Ad,7,
Cpr64Ad,5,
Cpr64Ad,24,
CG12607,2,
CG12607,21,
CG12608,34,
CG12609,25,
CG12609,3,
CG12609,4,
CG12620,27,
CG12620,3,
CG12620,1,
CG12620,7,
CG12620,63,
CG12620,9,
CG12620,9,
fd3F,6,
btd,1,
CG34331,5,
CG12659,8,
CG12661,14,
CG12661,71,
fend,46,
CG12672,5,
CG12672,8,
ed,7,
ed,4,
CG12679,54,
CG12682,7,
CG12692,4,
Pmp70,3,
CG12708,45,
CG12708,4,
CG12708,2,
CG1271,16,
CG12721,3,
CG12721,19,
CG12721,8,
CG12723,15,
CG12723,39,
CG12723,1,
CG12723,16,
CG12725,21,
CG34324,1,
CG34324,1,
CG12736,3,
Jafrac2,1,
Jafrac2,4,
RpL28,2,
Hrb87F,2,
Hrb87F,9,
CG12766,17,
CG12766,1,
CG12766,6,
CG12766,16,
CG12766,41,
CG12766,20,
CG12766,49,
Dip3,7,
Dip3,115,
Dip3,5,
Dip3,11,
Dip3,17,
CG12782,7,
CG12784,36,
hoe1,6,
hoe1,3,
lcs,28,
CG12796,3,
Ciao1,1,
Ubc84D,4,
Ubc84D,2,
Ubc84D,1,
Ubc84D,1,
CG12811,21,
Fancl,1,
Fancl,33,
Fancl,67,
CG12817,31,
CG12818,1,
CG12824,3,
esn,1,
esn,50,
esn,2,
esn,9,
Tsp42El,5,
Tsp42Ek,13,
CG12849,2,
CG12849,11,
CG12849,36,
CG12857,8,
CG12857,42,
CG12857,13,
CG12863,2,
CG12863,1,
CG12863,37,
ALiX,6,
ALiX,2,
ALiX,3,
CG12877,6,
CG12877,3,
CG12877,17,
CG12877,24,
CG12895,75,
CG12907,33,
CG12907,5,
Ndg,47,
sel,7,
egr,35,
mRpL42,1,
brp,6,
CG12934,4,
CG12934,8,
CG12935,32,
mms4,5,
CG12942,3,
mRpL41,5,
mRpL41,45,
CG12963,12,
CG12975,18,
CG12984,50,
CG12985,2,
CG12985,10,
CG12985,42,
CG12985,60,
CG12985,4,
CG12985,8,
CG12985,1,
CG12985,8,
CG12992,31,
CG12992,22,
CG12994,5,
CG12995,55,
CG13001,21,
CG13004,5,
CG13005,17,
CG13005,12,
CG13022,1,
CG13022,42,
CG13022,5,
CG13023,57,
CG13023,1,
sinah,28,
sinah,38,
sinah,6,
sinah,7,
sinah,2,
sinah,3,
sinah,1,
sinah,12,
sinah,44,
sinah,1,
sinah,24,
sinah,32,
sinah,19,
sinah,2,
sinah,213,
sinah,21,
sinah,5,
CG13031,14,
CG13031,8,
CG13032,1,
CG13032,154,
CG13032,3,
CG13032,103,
CG13032,2,
CG13032,123,
CG13042,2,
CG13047,3,
CG13050,82,
CG13050,43,
CG13054,7,
CG13066,1,
CG13067,13,
CG1307,12,
CG1307,26,
CG1307,13,
CG13070,30,
PDCD-5,44,
CG13073,15,
CG13074,3,
CG13074,12,
CG13075,10,
CG13077,3,
CG13083,22,
CG13083,15,
CG13083,1,
CG13083,18,
CG13083,4,
CG13083,5,
CG13083,16,
CG13084,1,
CG13084,115,
CG13085,41,
CG13085,3,
CG13090,41,
CG13097,1,
mRpL51,10,
CG13113,1,
CG13114,17,
CG13124,4,
CG13124,73,
TbCMF46,27,
TbCMF46,23,
CG13131,37,
CG13131,89,
CG13131,4,
CG13138,1,
lft,12,
lft,2,
lft,17,
dpr19,12,
CG13144,5,
CG13144,6,
CG13148,93,
CG1315,2,
CG13151,3,
CG13155,12,
CG13157,39,
CG13157,16,
Or49a,4,
CG13159,1,
CG1316,1,
SIP2,4,
SIP2,3,
Vha36-2,11,
CG13185,1,
CG13186,33,
CG13186,27,
CG1319,32,
cuff,30,
CG13192,5,
CG13196,5,
CG13197,9,
CG13204,17,
CG13204,32,
CG42336,6,
CG42336,7,
Cpr47Ef,17,
zfh1,6,
Cpr47Ee,1,
CG13223,33,
CG13227,30,
CG13227,3,
CG13227,12,
CG1324,4,
CG13245,2,
CG13245,36,
LSm7,152,
LSm7,26,
LSm7,3,
Cyt-b5-r,34,
Cas,11,
CG13293,15,
CG13293,2,
CG13295,4,
CG13298,5,
CG13299,4,
CG13300,126,
Ccp84Af,2,
CG13310,2,
CG43367,100,
Sans,28,
CG13321,55,
CG13321,15,
CG13321,18,
CG13322,9.00,
CG13322,5,
CG13322,41,
CG13332,3,
CG42807,3,
CG42807,7,
CG13337,3,
CG13337,5,
CG13339,2,
S-Lap7,2,
Uba3,28,
Uba3,14,
Uba3,2,
CG13344,33,
CG13344,19,
Aats-phe,11,
Rpn13,3,
Rpn13,31,
CG13362,9,
CG13362,8,
CG13366,5,
Sgf11,3,
CG13384,29,
emb,120,
CG1339,1,
CG42820,1,
CG13407,17,
CG13407,6,
CG13407,10,
CG13407,2,
CG13407,8,
CG13407,2,
CG13407,63,
mRpL35,3,
Cby,1,
bl,29,
qsm,8,
Nnf1a,41,
Nnf1a,16,
Nnf1a,63,
Nnf1a,2,
CG1344,44,
CG13454,42,
CG13458,13,
CG13458,4,
Atg17,7,
CG13474,10,
CG13474,16,
CG13474,8,
HGTX,167,
CG13476,16,
CG13476,7,
CG13476,2,
CG13476,2,
CG13476,287,
CG13476,6,
CG13476,3,
CG13476,2,
CG13476,2,
CG13476,6,
CG13476,31,
CG13477,15,
CG13488,16,
CG13494,38,
CG13501,79,
CG13502,2,
CG13502,59,
CG13502,3,
Vrp1,81,
Vrp1,1,
CG34205,58,
CG34205,20,
CG13510,73,
CG13510,2,
CG13511,12,
CG13511,4,
CG13511,76,
CG42565,2,
Obp58c,8,
asrij,10,
asrij,32,
asrij,3,
CG13541,13,
CG13541,10,
CG13544,16,
yip3,4,
CG13551,104,
CG13551,7,
Not11,3,
Not11,9,
spag,19,
spag,14,
spag,3,
Crtp,1,
CG13581,4,
CG13587,10,
CG42360,19,
sba,18,
CG13599,14,
CG13604,17,
CG13609,9,
CG13609,5,
Anp,24,
CG13617,1,
CG13622,2,
CG13624,2,
CG13625,1,
CG13627,106,
Rpb10,19,
blow,14,
CG13631,8,
CG42331,21,
sosie,19,
sosie,22,
Nmnat,1,
danr,18,
danr,39,
danr,13,
CG13659,9,
CG13667,20,
CG13678,6,
CG1368,6,
CG1368,77,
CG1368,67,
Ipk2,1,
Ipk2,38,
Ipk2,8,
CG13689,21,
CG13699,25,
CG13700,6,
skl,2,
CG13705,52,
CG13707,66,
CG13708,23,
yl,18,
CG13720,6,
Or74a,2,
CG13733,8,
CG13733,33,
CG13733,10,
CG13737,9,
tsh,1,
CG13747,7,
CG43322,20,
Sem1,8,
Sem1,4,
Sem1,5,
tll,29,
tll,44,
Gr28b,5,
MsR2,27,
CG13813,28,
CG13830,6,
CG13838,28,
CG13838,28,
CG13838,13,
CG13843,9,
CG13843,2,
CG13843,33,
mats,4,
mats,91,
CG13857,9,
CG13857,14,
CG13857,5,
CG13862,3,
MED8,12,
MED8,15,
CG13871,3,
CG42553,5,
CG13887,15,
CG13889,32,
CG13889,1,
CG13889,2,
tor,41,
CG13890,7,
nerfin-1,14,
nerfin-1,1,
sol,32,
sol,6,
sol,37,
sol,9,
sol,15,
mwh,1,
mwh,31,
mwh,5,
mRpL46,22,
metl,47,
Cpr62Bb,14,
CG13936,2,
CG13949,4,
CG13949,1,
stg,31,
CG13950,2,
CG13950,75,
l(2)k10201,30,
CG13955,14,
sick,21,
CG13962,29,
CG13962,1,
sick,12,
CG13965,15,
CG13965,1,
CG43861,9,
CG13972,1,
CG13991,1,
CG13992,10,
CG13993,12,
CG13993,8,
CG13993,17,
CG13993,5,
CG13993,20,
CG13996,74,
CG13996,69,
Vm26Ac,29,
CG13999,27,
Cul5,2,
CG14011,46,
CG14011,9,
tomb,2,
CG14024,23,
Bsg25D,17,
Bsg25D,2,
cype,1,
Bub1,3,
qtc,2,
Ran,12,
CG14043,10,
CG14044,15,
CG14044,8,
CG14044,11,
Ilp6,1,
CG14053,2,
CG14053,21,
CG14053,25,
CG14053,8,
CG14054,36,
CG14071,3,
CG14071,9,
CG14071,2,
CG14073,3,
CG14073,34,
CG14074,1,
CG14075,15,
CG14075,2,
CG14079,3,
ms(3)76Ca,3,
ms(3)76Ca,23,
CG14102,13,
CG14104,11,
CG14104,6,
CG14104,1,
CG14110,26,
CG14110,51,
SNCF,1,
CG14113,4,
CG14113,33,
CG43894,51,
CG43894,13,
CG43894,2,
CG14120,3,
ver,15,
Smyd4,66,
CG44837,24,
CG44837,16,
CG14128,24,
Pallidin,6,
Pallidin,4,
Pallidin,32,
Pallidin,27,
Pallidin,59,
Blos2,4,
Blos2,12,
Blos2,60,
Blos2,6,
Blos2,1,
Blos4,27,
Blos4,46,
CG14151,20,
CG14154,3,
Or67c,3,
Zasp67,12,
Zasp67,12,
Zasp67,19,
slgA,7,
CG33926,3,
CG14182,48,
CG14183,5,
CG14186,32,
CG14186,27,
CG14191,2,
HP1D3csd,2,
HP1D3csd,3,
Slu7,1,
CG14204,1,
RpS10b,41,
RpS10b,19,
CG14207,14,
CG14207,4,
CG14207,8,
CG14212,16,
Tao,3,
p115,22,
p115,2,
p115,6,
p115,2,
CG14220,3,
CG14220,12,
CG14223,1,
Ubqn,12,
Ubqn,4,
Ubqn,17,
dome,148,
Mer,7,
Mer,1,
CG14232,2,
CG14232,3,
CG14232,12,
CG14232,8,
meso18E,26,
CoVIb,1,
TwdlD,79,
TwdlD,2,
TwdlD,6,
TwdlD,4,
ms(3)K81,3,
CG14253,46,
ng2,6,
CG1427,13,
CG14274,20,
CG14274,19,
CG14282,6,
EndoA,20,
EndoA,13,
EndoA,23,
CG14297,16,
fru,3,
CG14315,3,
CG14317,2,
CG14317,59,
CG14323,14,
CG14323,2,
CG14323,177,
CG14332,15,
CBP,20,
CBP,5,
CG14353,56,
CG14354,9,
CG14357,10,
CG42500,16,
CG14367,16,
CG14367,49,
CG14380,3,
CG14383,4,
CG14383,11,
CG14410,9,
CG14410,51,
CG14410,31,
CG14410,1,
CG14410,23,
CG14414,13,
CG14419,3,
CG14422,10,
CG14427,5,
CG14443,26,
CG14443,4,
CG14445,5,
CG14446,30,
CG14450,13,
CG14454,18,
CG14456,6,
Src42A,7,
CG14478,64,
Inx3,2,
CG14482,11,
Ir54a,18,
Ir54a,23,
Ir54a,151,
Ir54a,10,
Ir54a,9,
Ir54a,67,
CG14488,6,
zfh2,10,
CG14490,1,
CG14490,24,
CG14490,13,
CG14490,10,
CG14506,2,
CG14506,16,
CG14506,20,
CG14506,4,
CG14506,11,
CG14508,4,
yem,9,
yem,23,
Brd8,5,
Brd8,19,
CG14528,25,
TwdlE,57,
TwdlE,1,
TwdlE,43,
TwdlE,8,
TwdlE,19,
TwdlE,17,
Herp,5,
wdn,22,
CG14540,1,
Vps2,27,
CG14544,9,
CG14544,1,
CG14544,8,
CG14546,21,
CG14546,7,
CG14546,4,
CG14546,3,
CG14546,26,
CG14546,8,
CG14546,5,
E(spl)mbeta-HLH,7,
E(spl)mbeta-HLH,85,
Sld5,11,
Sld5,56,
CanA1,48,
CanA1,4,
CG14551,6,
CG14556,8,
CG14556,100,
CG14568,9,
CG14569,3,
ORMDL,9,
Ir20a,1,
CG14589,22,
CG14589,33,
CG14589,15,
CG14589,33,
CG14598,3,
CG14606,6,
CG14609,6,
CG1461,50,
CG1461,1,
e(y)2b,4,
e(y)2b,13,
e(y)2b,24,
e(y)2b,12,
e(y)2b,104,
Cp110,7,
tilB,29,
CG14625,237,
CG14625,7,
CG14625,15,
CG14625,19,
CG14625,17,
CG14625,8,
CG43867,18,
CG14634,2,
abs,14,
ey,14,
CG14641,7,
CG14641,33,
CG14641,6,
TwdlG,18,
CG14645,56,
CG14647,240,
CG14647,97,
CG14647,5,
CG14647,1,
CG14658,2,
CG14667,114,
CG14667,1,
Syx16,4,
Syx16,2,
Syx16,40,
Syx16,12,
CG14684,3,
CG14684,5,
Cap-H2,20,
Cap-H2,3,
CG14688,8,
CG14692,25,
CG14692,35,
CG14696,57,
Gycbeta100B,6,
PGRP-LB,7,
CG14708,55,
CG14711,3,
CG14711,1,
CG14712,13,
CG42327,3,
I-t,6,
I-t,1,
Sec24AB,33,
CoVa,2,
CoVa,11,
Tk,30,
CG14739,35,
CG14739,28,
Es2,20,
Es2,7,
RpL13A,9,
RpL13A,3,
RpL13A,36,
Vps25,30,
Vps25,4,
Vps25,162,
CG14756,49,
Cp36,31,
Cp36,94,
Ns3,11,
MED18,9,
CG14803,63,
CG14803,5,
CG14803,8,
deltaCOP,1,
CG14814,10,
Pex5,3,
Pex5,2,
Pex5,3,
Pex5,1,
Pex5,14,
Pex5,1,
Pex5,1,
Pex5,10,
Pex5,15,
Pex5,5,
Pex5,13,
Pgam5,3,
CG14818,3,
CG14818,5,
CG14818,91,
CG14818,89,
CG14818,1,
CG14818,59,
CG14820,13,
CG14820,41,
mei-P22,2,
CG14829,5,
CG14830,6,
CG14830,3,
CG14837,11,
CG14837,2,
CG14850,1,
CG14853,4,
CG14853,26,
CG14855,131,
CG1486,15,
CG1486,3,
CG1486,6,
CG14860,3,
CG14864,15,
CG14864,11,
CG14864,4,
CG14866,8,
AdamTS-A,1,
AdamTS-A,6,
AdamTS-A,78,
AdamTS-A,10,
AdamTS-A,7,
AdamTS-A,6,
AdamTS-A,13,
krz,2,
krz,20,
krz,80,
krz,1,
krz,1,
CG14870,24,
CG14870,4,
CG14879,10,
CG14882,9,
CSN5,21,
CSN5,27,
Gyc-89Da,3,
Rpt6,5,
Rpt6,37,
Rpt6,29,
CG14894,21,
CG14898,4,
Usp7,7,
Usp7,6,
Scp2,10,
CG14905,17,
CG14905,7,
CG14905,47,
CG42747,40,
AstC,6,
spz4,2,
CG14932,12,
CG14932,26,
CG14933,7,
Mal-B2,17,
Tsp33B,14,
BtbVII,62,
CG14961,23,
CG14961,154,
Asciz,33,
CG14965,18,
CG14965,3,
CG14977,2,
CG14985,10,
CG14989,28,
CG14989,24,
Ack,43,
CG14995,9,
CG14995,1,
RfC4,36,
Teh2,16,
Cpr64Aa,6,
Cpr64Ac,14,
CG15022,4,
CG15025,48,
CG43737,4,
CG43737,7,
CG1503,5,
CG15036,4,
CG15042,56,
CG15056,3,
CG15067,46,
CG15068,2,
CG15071,11,
CG15071,6,
CG15071,2,
CG15071,2,
CG15071,6,
CG15080,25,
CG15080,63,
CG15080,13,
CG15080,19,
CG15080,2,
CG15080,87,
CG15087,7,
CG15087,2,
CG15093,53,
Jheh1,1,
Jheh2,78,
tn,3,
CG15109,3,
CG15109,5,
CG15109,26,
CG15109,79,
ena,12,
CG15116,360,
mip40,17,
Ir56b,38,
CG15124,6,
CG15124,4,
CG15124,3,
CG15124,2,
CG15124,12,
CG15125,11,
CG15126,12,
CG1513,45,
CG1513,31,
CG1513,12,
CG15130,14,
elfless,7,
elfless,15,
CG15152,3,
CG15152,36,
CG15153,37,
Socs36E,20,
CG15161,36,
CG15167,1,
CG15169,1,
CG15185,7,
Prosalpha7,9,
Prosalpha7,1,
CG43155,5,
CG15198,9,
CG15199,60,
WASp,22,
CG15209,9,
CycK,18,
CycK,15,
CycK,3,
RPA3,2,
CkIIbeta,9,
CkIIbeta,57,
CkIIbeta,37,
CG1523,18,
CG15239,28,
CG15239,20,
CG15249,3,
dao,15,
Pburs,24,
wb,35,
CG15293,17,
CG15293,2,
CG43347,15,
CG43347,38,
Or9a,6,
CG15308,34,
CG15330,4,
CG15336,3,
CG15337,21,
Dip1,75,
Dip1,16,
Dip1,41,
CG15370,10,
CG15370,8,
CG15370,345,
CG15370,14,
CG43689,5,
CG43689,12,
tmod,3,
Spindly,28,
CG15422,3,
CG15422,2,
CG15422,12,
CG15422,7,
CG15422,43,
CG15422,9,
CG15422,7,
CG15422,3,
CG15422,11,
CG15423,35,
CG15423,79,
CG15425,4,
CG15435,10,
CG15435,2,
CG15435,3,
CG15436,17,
CG15436,20,
CG15436,111,
CG15436,62,
morgue,13,
CG15440,89,
CG15450,31,
RunxB,4,
CG15458,61,
SIP3,18,
SIP3,164,
SIP3,5,
CG15472,119,
CG15472,4,
CG15475,17,
CG15478,2,
CG15478,32,
CG15479,22,
Ski6,18,
CG15482,6,
CG15482,1,
CG1550,6,
CheB93a,2,
dmrt99B,2,
CG15515,84,
Capa,4,
Sas-6,25,
CG15525,3,
CG15526,3,
CG15529,1,
CG15529,1,
Nop17l,4,
Nop17l,3,
CG15530,3,
CG15531,3,
hdc,8,
CG15544,6,
CG15546,10,
CG15561,21,
CG15564,26,
CG15564,1,
CG15576,6,
CG15576,100,
CG15577,34,
CG15578,6,
CG15578,2,
CG15580,19,
Osi1,13,
Osi24,31,
Osi10,22,
CG15615,4,
CG15618,7,
CG15631,22,
CG15631,16,
CG15631,20,
CG15631,3,
CG15631,6,
CG15631,24,
CG15631,6,
CG15631,145,
CG15631,6,
CG15631,2,
CG15631,24,
Taf12L,9,
Elba3,2,
Elba3,6,
Elba3,45,
Elba3,25,
Elba3,11,
HP6,53,
HP6,46,
HP6,4,
CG15638,182,
CG15646,13,
CG15646,4,
CG15646,6,
CG15651,42,
Lapsyn,4,
CG15676,15,
CG15676,10,
CG15676,24,
CG15676,6,
RpS20,12,
CG15705,3,
CG15705,2,
CG15705,1,
krimp,34,
CG15710,34,
CG15710,5,
CG15717,16,
Chrac-16,6,
wisp,4,
CG15741,12,
Neto,6,
Neto,9,
CG15754,4,
Cpr12A,15,
CG15760,11,
CG15764,2,
CG15764,88,
CG15772,8,
CG15772,2,
Tre1,18,
CG1578,5,
Vsx2,2,
Vsx2,2,
Vsx2,4,
Vsx2,15,
Vsx2,4,
CG15803,3,
pfk,36,
CG15831,6,
Adf1,45,
Adf1,21,
Adf1,9,
Adf1,19,
Adf1,6,
Eip63F-1,46,
Pka-R2,1,
Pka-R2,9,
CG15863,9,
CG15863,15,
Crk,10,
Crk,5,
Crk,38,
CG15878,20,
Cpr97Eb,1,
Cpr97Eb,29,
Cpr97Eb,11,
Ravus,24,
REG,39,
CG15912,9,
CG15914,6,
CG15916,15,
CG15923,1,
CG1598,20,
CG1598,48,
Drat,38,
CG1602,32,
Ork1,5,
comt,42,
Hmr,35,
Coop,2,
Coop,12,
CG1622,53,
CG1622,16,
CG1622,74,
IP3K2,14,
CG1631,10,
Jafrac1,17,
Jafrac1,8,
Nrg,4,
CG1635,11,
CG1635,5,
CG1636,18,
CG1638,9,
CG1638,15,
Atg5,19,
Atg5,24,
CG1647,2,
CG1648,3,
sofe,73,
sofe,5,
Doa,8,
unc-119,23,
Tim9a,8,
CG1671,3,
CG16711,13,
CG16717,4,
CG16719,3,
CG16719,13,
CG16721,17,
CG16721,53,
CG16721,7,
CG16721,45,
Smn,13,
Smn,25,
Smn,23,
Git,3,
CG16734,4,
CG16734,6,
slp1,4,
CG1674,28,
Rh2,26,
Oda,22,
Oda,17,
Oda,29,
Ntmt,12,
CG16753,9,
CG16758,74,
cactin,11,
cactin,62,
cactin,23,
cactin,42,
cactin,19,
cactin,4,
CG1677,75,
CG16781,1,
pr,25,
pr,2,
CG16790,20,
SmF,1,
SmF,86,
SmF,11,
GstT4,7,
CG16812,66,
CG16812,2,
CG16812,10,
CG16826,121,
lectin-33A,21,
CG16838,16,
Art8,18,
CG16852,33,
CG16854,8,
Ance-2,2,
Ance-2,4,
Acyp,61,
Vm32E,28,
NimC3,56,
CG16886,1,
CG16894,10,
CG16894,3,
CG16894,1,
FoxP,45,
FoxP,11,
FoxP,9,
FoxP,17,
FoxP,37,
CG16926,12,
CG16941,1,
CG16947,25,
CG16947,34,
CG16947,15,
CG16947,3,
CG16947,51,
dgt2,9,
dgt2,6,
CG16972,24,
CG16972,3,
Sfmbt,59,
CG16978,16,
CG16978,27,
skpA,27,
skpA,9,
skpA,7,
skpA,13,
skpA,14,
skpA,57,
CG16984,5,
CG16985,31,
daw,36,
Roc1b,20,
CG17002,17,
CG17003,3,
lectin-30A,7.00,
lectin-30A,6,
CG17018,26,
GstT3,18,
CG17030,22,
CG17032,18,
CG42319,12,
CG42319,12,
yellow-e2,3,
yellow-e3,2,
klar,39,
CG17048,59,
Met,7,
CG43691,2,
CG43691,33,
CG43691,33,
CG43129,33,
CG43129,3,
CG43129,26,
CG17104,6,
CG17108,23,
CG17110,8,
hth,43,
hth,5,
CG17122,64,
CG17124,75,
CG17134,7,
CG17134,41,
Rbp1,206,
Rbp1,16,
Rbp1,12,
Rbp1,84,
CG17141,1,
thoc7,4,
thoc7,1,
ssp,6,
ssp,4,
CG17154,17,
squ,12,
squ,38,
squ,2,
su(f),49,
ACXA,5,
Kah,22,
MED30,83,
CG17186,8,
CG17190,65,
CG17219,17,
CG17221,1,
Or59c,7,
CG17230,27,
CG17230,18,
PlexB,8,
dlg1,93,
Nek2,150,
GABPI,25,
GABPI,5,
CG17259,8,
CG17260,4,
CG17265,64,
CG17265,27,
CG17266,8,
AdSS,13,
CG17290,1,
CG17292,12,
CG17292,14,
CG17292,25,
Wdr82,53,
Wdr82,8,
2mit,28,
ScpX,5,
CG17325,9,
CG17325,45,
Prosbeta4,23,
Prosbeta4,18,
VhaSFD,1,
CG17337,19,
Lk6,18,
CG17344,9,
l(2)37Ce,26,
drl,1,
Taf12,32,
Taf12,43,
CG17359,2,
CG17360,12,
CG17364,1,
Lnk,7,
CG17377,13,
CG17377,7,
CG17377,1,
jigr1,2,
jigr1,1,
jigr1,1,
CG17385,9,
Ntf-2,14,
Ntf-2,6,
CG41099,5,
CG41099,3,
CG41099,1,
CG17440,8,
Cfp1,3,
Cfp1,11,
Cfp1,1,
Cfp1,1,
HP5,2,
Kif3C,40,
RpL5,7,
RpL5,1,
CG1749,6,
mad2,23,
CG1750,3,
Cbs,1,
GstE6,3,
GstE7,15,
GstE8,11,
Spf45,3,
CG17549,66,
CG17560,1,
CG17564,3,
CG17564,10,
CG17564,78,
CG17564,2,
CG17564,16,
CG17568,70,
CG17568,3,
CG17568,96,
CG17575,7,
sca,1,
cad,4,
Usf,34,
CG17593,1,
S6kII,1,
CG17599,90,
CG17599,1,
CG17599,1,
CG17599,1,
CG17599,1,
CG17601,78,
c(3)G,2,
c(3)G,26,
nod,3,
CG17637,2,
EcR,1,
CG17652,1,
CG17666,1,
CG17666,24,
CG17666,5,
CG17666,67,
CG17666,3,
CG17666,4,
CG17666,4,
CG17666,119,
CG17666,18,
SP,13,
DIP1,13,
fz,1,
HDAC4,2,
CG17712,18,
CG17712,14,
dap,2,
ZnT63C,15,
CG17737,28,
CG17738,4,
CG17739,2,
CG17739,7,
CG17739,4,
CG17744,6,
CG17744,1,
CG34401,8,
CG17765,86,
CG17765,11,
Acam,16,
Acam,6,
Acam,28,
Acam,21,
CG17777,2,
CG17777,2,
CG17777,9,
CG17777,35,
CG17778,9,
CG17778,21,
CG17778,24,
CG17778,1,
Acp29AB,8,
Acp29AB,1,
Acp29AB,59,
CG17801,11,
CG17801,25,
CG17801,1,
CG17801,2,
CG17802,4,
CG17802,5,
CG17802,2,
CG17802,2,
CG17806,30,
Uba1,7,
CG17829,6,
CG17829,5,
CG17829,18,
CG17834,13,
inv,3,
inv,90,
inv,36,
CG17841,3,
CG1785,2,
CG17855,47,
CG17855,234,
CG17856,35,
14-3-3zeta,2,
cnc,8,
cnc,36,
CG17896,16,
Cyt-c-p,57,
CG17904,34,
CG17912,1,
CG17912,1,
yellow-b,2,
CG1792,2,
CG1792,95,
Acp95EF,13,
Mhc,13,
comm,11,
HmgD,21,
Sry-alpha,13,
pan,4,
CG17985,8,
Ance-3,5,
ras,28,
CG17999,1,
CG17999,2,
pasha,2,
CG18004,5,
CG18004,20,
CG18012,1,
lt,14,
regucalcin,1,
regucalcin,21,
CG18063,10,
Cpr57A,1,
CG18067,1,
shot,3,
CG18081,2,
Dsk,29,
CG18095,1,
CG18107,68,
Vps16B,1,
CG18131,14,
CG18135,73,
CG18171,1,
Rpn11,18,
alt,4,
Map60,51,
Map60,31,
Map60,2,
CG18259,5,
CG18259,25,
CG18259,12,
CG18259,5,
CG18259,4,
CG18259,4,
CG18262,2,
CG18266,2,
slx1,7,
Act87E,8,
Act87E,3,
CG18292,1,
CG18292,5,
CG18304,5,
Aprt,10,
CSN3,2,
CG18336,10,
CG18343,2,
Rad23,4,
Mio,51,
CG18367,11,
CG18367,1,
ASPP,2,
ASPP,31,
ASPP,33,
ssp3,3,
CG18404,9,
CAP,60,
ph-p,3,
Lhr,13,
CG1847,3,
run,14,
run,2,
CG1850,1,
Ady43A,5,
Ady43A,7,
Ady43A,1.00,
CG18522,30,
Spn88Ea,8,
CG18528,7,
CG18540,2,
CG18540,27,
ttk,23,
ttk,3,
ttk,1,
ttk,2,
ttk,3,
ttk,1,
CG18563,10,
CG18568,3,
r,4,
mbt,9,
koi,2,
koi,15,
koi,4,
koi,66,
koi,5,
koi,5,
koi,2,
SmE,6,
prod,17,
Ephrin,2,
CG18624,4,
betaggt-II,8,
betaggt-II,4,
betaggt-II,1,
rad,9,
CG18649,11,
NetA,5,
CG18659,1,
Or98b,1,
Or98b,3.00,
CG18675,77,
epsilonTry,4,
e(r),5,
e(r),33,
Ef1alpha100E,15,
CG18735,24,
CG18745,42,
CG18764,12,
CG18764,1,
CG18764,75,
CG18766,3,
CG18766,44,
CG31826,3,
OS9,19,
OS9,1,
Capr,3,
CG1888,7,
Rab40,115,
mav,2,
alph,10,
sty,9,
sty,3,
sty,5,
sty,61,
ImpE2,22,
Cyp4p2,4,
Pkc98E,7,
CG1958,11,
CG1965,2,
CG1969,6,
CG1970,5,
CG1971,2,
Drep-2,3,
Drep-2,14,
Drep-2,5,
Drep-2,10,
Or45a,16,
Or45a,1,
CG1983,15,
l(1)G0020,3,
CG1999,2,
bip2,79,
CG2010,4,
CG2025,1,
CG2034,27,
CG2046,1,
CG2046,82,
ftz,2,
ftz,2,
Lin29,20,
Lin29,61,
Lin29,55,
Cyp4e2,8,
CG2061,7,
Dok,10,
drpr,242,
CG2091,8,
CG2091,2,
flw,21,
Sym,17,
CG2107,13,
CG2107,30,
CG2120,15,
CG2124,1,
ci,2,
CG2129,5,
CG2144,3,
CG2145,2,
CG2147,1,
CG2157,3,
Nup50,2,
Nup50,8,
Socs44A,6,
Pabp2,67,
RpS3A,1,
RpS3A,2,
Myo10A,3,
Myo10A,3,
Xe7,2,
Mlc2,5,
Mlc2,24,
CG2186,3,
CG2199,19,
CG2199,2,
CG2199,3,
CG2199,2,
CG2202,2,
Galphao,1,
Galphao,1,
msd5,10,
Fer1HCH,3,
Fer1HCH,1,
Fer1HCH,1,
Arl4,2,
CG2224,8,
CG2224,11,
CG2225,5,
CG2225,14,
EF2,17,
jdp,7,
Rpt6R,2,
Rpt6R,17,
CG2246,1,
CG2246,3,
fs(1)h,5,
CG2256,1,
CG2256,2,
Ubc-E2H,1,
Ubc-E2H,10,
CG2258,26,
CstF-50,1,
magu,3,
Jra,3,
Jra,2,
CG2278,1,
CG2278,7,
CG2278,6,
CG2336,8,
CG2336,6,
Ccp84Ad,19,
Cyp6a13,2,
Amun,4,
FucT6,1,
CG2453,2,
CG2469,2,
sas,1,
alphaTub84D,2,
lap,3,
Cpr11A,11,
Cpr11A,3,
Cpr11A,9,
Cpr11A,5,
Cpr11A,8,
Fs(2)Ket,7,
HLH3B,1,
Taf7,14,
Taf7,4,
Sam-S,35,
Sam-S,8,
Sam-S,10,
Sam-S,1,
Sam-S,30,
CG2681,2,
CG2685,7,
gsb-n,1,
CG2694,33,
Pi3K21B,1,
Pi3K21B,2,
Pi3K21B,10,
CG2709,7,
dwg,1,
CG2712,2,
CG2712,52,
CG2712,1,
ttm50,17,
Syx4,6,
Syx4,9,
RpL19,4,
RpL19,2,
CG2747,32,
Snx1,2,
Hsp60B,68,
Cwc25,26,
Cwc25,13,
Cwc25,1,
Cwc25,54,
Cwc25,31,
Trn-SR,1,
Gsc,25,
Nle,2,
Parg,50,
CG2865,2,
Hrs,3,
Hrs,4,
CG2909,3,
nito,25,
nito,1,
nito,2,
nito,1,
yin,19,
kra,3,
CG2926,18,
CG2930,2,
CG2930,2,
CG2931,1,
CG2931,2,
gus,2,
gus,10,
gus,1,
gus,3,
rev7,2,
rev7,5,
mxt,1,
RpL40,3,
RpL40,2,
CG2972,5,
CG2975,6,
Inx7,19,
Yp2,6,
Yp2,8,
Pp2C1,5,
G9a,2,
GstT2,10,
Hex-A,8,
gem,3,
gem,19,
metro,5,
Tret1-1,34,
Tret1-1,1,
s-cup,16,
s-cup,1,
Blos1,2,
Blos1,1,
Zasp52,1,
CG30089,47,
jbug,1,
jbug,3,
jbug,1,
jbug,11,
GEFmeso,1,
GEFmeso,1,
CG30118,5,
CG30122,11,
CG30122,1,
mei-W68,27,
Hil,2,
CG3016,4,
CG3016,5,
CG30161,18,
Brca2,3,
Alas,2,
lwr,1,
lwr,1,
su(w[a]),1,
su(w[a]),1,
CG30263,2,
pyd3,7,
CG3032,53,
MED22,14,
MED22,1,
MED22,2,
cm,4,
cm,9,
cm,4,
ogre,2,
CG30409,13,
CG30409,2,
Atf-2,2,
Atf-2,3,
egg,10,
CG30431,34,
laccase2,2,
Traf4,6,
Traf4,1,
Prosap,4,
CG43340,2,
CG43340,3,
CG43340,1,
CG43340,9,
CG30493,5,
CG30497,50,
fa2h,5,
ssx,4,
ssx,3,
ssx,1,
Dim1,2,
Dim1,12,
mr,11,
CG3065,3,
Taf10b,12,
Taf10b,1,
Taf10b,6,
CG3071,4,
Nf-YC,1,
Nf-YC,6,
CG3081,22,
MAPk-Ak2,12,
MAPk-Ak2,3,
CG3088,5,
Sox14,2,
hfw,2,
heph,1,
CG31008,1,
cindr,1,
cindr,14,
CG31029,4,
Atg16,12,
Atg16,8,
Atg16,1,
CG31036,13,
CG31036,1,
Mhcl,13,
Mhcl,4,
Pask,6,
Nha2,1,
side,52,
CG42813,2,
CG3107,8,
CG31076,61,
CG31102,9,
CG31111,1,
PIG-S,1,
PIG-S,1,
CG31121,1,
CG31121,1,
CG31121,1,
CG31122,3,
CG31122,9,
CG31122,17,
Slimp,1,
Myo95E,25,
Syx1A,1,
ewg,2,
ewg,4,
ewg,2,
CG34376,1,
CG34376,21,
lqfR,3,
CG31176,9,
CG31211,1,
CG31211,26,
CG31211,11,
CG31211,15,
CG31211,3,
CG31211,23,
CG31211,5,
modSP,1,
modSP,1,
modSP,6,
CG31226,6,
CG44009,23,
tinc,121,
tinc,1,
CG31275,3,
CG31300,15,
Aats-met,1,
CG31342,8,
CG31357,4,
Atf6,113,
dpr17,9,
dpr17,7,
Adk2,73,
Adk2,13,
CG31457,1,
CG31472,40,
CG31475,4,
Rbp9,15,
CG43427,9,
Hph,7,
CG31550,15,
CG31550,2,
CG3160,3,
CG3160,2,
LS2,1,
LS2,2,
CG31635,2,
TrissinR,39,
CG31646,11,
CG31648,4,
PNUTS,35,
CG31680,4,
Tengl1,12,
CG31688,26,
CG31688,25,
Trim9,5,
IntS1,2,
CG31731,9,
yuri,1,
CG31760,2,
Pax,2,
Pax,1,
Pax,4,
CenG1A,4,
CG31813,2,
CG31820,2,
geminin,2,
geminin,1,
geminin,3,
geminin,4,
eIF-5A,3,
Dpit47,2,
Dpit47,27,
Peritrophin-15b,1,
CG31909,2,
CG31917,1,
CG31917,1,
crn,3,
crn,5,
crn,7,
crn,6,
crn,2,
crn,13,
RpL12,39,
CG31958,8,
Cda5,40,
Cda5,7,
CG3198,4,
CG3198,2,
CG3199,5,
CG3199,2,
CG31999,1,
CG31999,5,
CG31999,3,
Mlc-c,1,
4E-T,6,
Cpr66D,5,
Fhos,5,
Argk,12,
CG44838,16,
CG32055,22,
CG32086,3,
CG32086,10,
CG32086,2,
CG32086,4,
CG32086,1,
rols,1,
CG32100,1,
CG32100,1,
CG32100,23,
CG32100,105,
CG32103,14,
CG32104,24,
CG32104,3,
CG32105,53,
CG32105,16,
CG3213,11,
stv,11,
stv,4,
CG3214,3,
ome,1,
ome,1,
Mbs,11,
CG43373,3,
CG43373,28,
CkIIalpha-i3,1,
Lmpt,6,
Klp59C,4,
Klp59C,9,
CG32201,1,
CG32206,1,
CG3222,1,
CG32238,7,
CG3225,1,
CG32264,8,
insv,4,
insv,1,
CG42304,11,
CG42676,73,
Atac3,1,
CG43078,2,
CG32354,56,
CG32365,20,
CG32392,35,
Cpr65Av,3,
vito,5,
CG32425,5,
CG32432,2,
SPoCk,3,
Cog3,64,
CG32486,1,
CG32486,7,
mod(mdg4),1,
CG42684,3,
CG32572,10,
CG3259,17,
be,2,
Zfrp8,13,
Neto,79,
X11Lbeta,1,
X11Lbeta,17,
X11Lbeta,1,
ZAP3,12,
CG32687,4,
Hk,44,
Rab2,4,
CG32700,1,
CG32732,6,
CG32758,56,
CG32767,97,
CG32772,26,
Tif-IA,1,
Tif-IA,13,
CG32791,4,
boi,26,
CG32809,12,
CG32809,6,
CG32809,59,
CG32809,3,
CG3281,4,
inc,4,
inc,2,
eIF4E-7,1,
eIF4E-7,5,
eIF4E-7,1,
CG3294,38,
CG3294,7,
CG3294,11,
CG3295,5,
JhI-1,13,
mRpL27,2,
CG3301,17,
CG33017,1,
CG33017,14,
CG3308,13,
CG33096,36,
Rtnl1,4,
CG33129,1,
CG33129,3,
Patronin,4,
AGBE,1,
AGBE,2,
sns,7,
CG33144,3,
CG33156,2,
CG33156,3,
CG33156,15,
Cdk7,2,
CG33213,1,
CG33213,2,
CG33213,25,
CG33213,26,
spn-B,7,
E23,72,
e,26,
Nop60B,5,
CG3338,2,
Kr,4,
CG3342,6,
CG3342,9,
CG3342,2,
CG3342,2,
CG3342,5,
mRpL11,7,
drongo,90,
ebd1,3,
Oatp58Db,26,
Oatp58Db,1,
CG3386,5,
CG3386,2,
CG3394,61,
RpS9,46,
Pfrx,23,
CG3402,2,
Mob4,15,
Mfe2,2,
pall,11,
CG3430,10,
Coprox,9,
Rpt4,8,
Rpt4,32,
Nmd3,4,
CG3492,9,
CG3492,13,
CG3492,2,
Golgin245,10,
vir,2,
vir,13,
Su(H),6,
CG3499,28,
CG3501,20,
CG3501,41,
inaD,38,
inaD,4,
CG3511,15,
CG3517,11,
Start1,1,
eas,19,
CG3528,19,
CG3528,5,
CG3529,5,
CG3529,17,
CG42260,35,
CG3542,70,
CG3548,3,
CG3558,3,
CG3560,15,
CG3566,77,
U2af38,7,
U2af38,4,
qkr58E-3,3,
AdSL,4,
CG3605,2,
CG3610,25,
norpA,11,
CG3625,2,
Dll,5,
Dll,17,
CG3632,4,
Clp,13,
Clp,6,
bic,15,
bic,9,
bic,2,
CG3645,2,
stc,11,
CG3652,1,
RpL23,6,
CG3662,1,
Art2,18,
CG3678,11,
CG3678,7,
CG3680,1,
NDUFA8,3,
CG3687,4,
l(2)35Bd,12,
CG3689,68,
Pof,173,
CG3708,42,
CG3708,3,
CG3713,2,
CG3713,3,
dock,15,
dock,1,
dock,1,
dock,4,
MTF-1,2,
y,1,
esg,22,
esg,19,
esg,37,
CG3760,2,
CG3769,2,
CG3769,2,
a6,2,
numb,7,
CG3792,19,
eIF2B-epsilon,1,
Edem1,51,
CG3842,2,
CG3847,42,
trr,2,
sug,3,
Marf,62,
frc,3,
frc,4,
Mdr49,2,
Sec3,48,
ph-d,12,
blot,2,
CG3909,6,
Bet3,17,
Bet3,5,
CG3918,1,
CG3918,39,
CG3918,15,
CG3918,51,
CG3919,13,
CG3919,9,
Chi,22,
Chi,4,
Chi,42,
Chi,28,
CG3925,1,
al,6,
CycE,36,
CG3939,22,
CG3939,1,
pita,28,
hoip,13,
sna,25,
pelo,13,
Keap1,4,
Keap1,2,
Pol32,1,
Ctr1A,19,
Cep97,2,
Syn,11,
Syn,36,
gammaSnap1,9,
gammaSnap1,24,
ade5,4,
CG3995,24,
CG3995,11,
CG3995,22,
CG3995,2,
pont,15,
yki,48,
Act5C,11,
CG14464,24,
CG17486,5,
CG13865,4,
eIF-4E,48,
CG4036,10,
CG4038,20,
CG4045,2,
tamo,108,
TwdlW,125,
TwdlW,6,
Aats-val,4,
CG4066,12,
Vps20,7,
CG4073,22,
Nufip,4,
Taf11,22,
Mcm5,30,
RpLP1,3,
RpLP1,117,
RpLP1,1,
l(1)G0255,2,
CG4095,31,
CG4095,4,
Prosbeta6,3,
Sr-CI,3,
l(2)35Bc,11,
CG4116,49,
CG4116,18,
CG4116,6,
CG4116,4,
svr,38,
nAChRalpha6,5,
l(2)35Be,1,
wek,1,
wek,4,
CG4151,7,
Rpn12,24,
Rpn12,3,
lace,3,
lace,20,
Hsp67Ba,138,
ספט-02,5.00,
dhd,13,
CG4194,4,
EloB,3,
CG4213,1,
term,2,
elB,3,
Hmt-1,18,
Caf1,58,
tsr,69,
elav,59,
elav,2,
elav,5,
Hsc70-4,2,
Hsc70-4,33,
CG4270,31,
Axud1,1,
aru,7,
aru,7,
aru,39,
CG4278,55,
CG4286,10,
CG4286,23,
CG4288,9,
Pex14,9,
Pex14,29,
Pex14,45,
CG4300,4,
CG4302,11,
CG4306,1,
Dic2,1,
mRpS17,7,
mRpS17,3,
MFS10,10,
CG4332,2,
Zip88E,5,
CG4335,5,
CG4335,1,
UGP,1,
Fer3HCH,9,
CG4360,1,
CG4365,6,
CG4367,2,
S,3,
Traf-like,3,
CG4398,9,
ATPsyn-Cf6,46,
CG4415,1,
Gdi,1,
GstD6,14,
crl,1,
crl,7,
pgant3,6,
CG4447,6,
Hs6st,1,
Idgf2,14,
CG4483,105,
Slc45-1,1,
Slc45-1,4,
Slc45-1,8,
Wee1,7,
smt3,9,
l(2)efl,28,
CG4537,2,
CG4546,10,
CG4563,4,
fzo,12,
CR4575,1,
Inx2,1,
CG4603,61,
CG4610,7,
CG4611,8,
CG4617,12,
CG4617,4,
CG4617,3,
CG4617,6,
CG4617,11,
CG4617,14,
YL-1,82,
CG4622,9,
CG4623,4,
CG4623,1,
CG4623,11,
Fsn,1,
CG4646,3,
RpL13,1,
Dp,70,
Srp54k,12,
CG4661,3,
Npl4,16,
Ndae1,17,
her,18,
Mp20,4,
CSN1a,10,
Sema-2a,35,
CG4704,37,
CG4712,4,
kni,5,
kni,4,
CG4729,2,
CG4730,1,
CG4730,216,
CG4730,2,
mRpL22,1,
CG4747,18,
Sap30,1,
bol,1,
knrl,7,
Vps29,4,
Vps29,39,
Tektin-A,9,
Tektin-A,3,
vret,17,
obst-B,4,
hgo,3,
IntS14,80,
l(2)k01209,2,
l(2)k01209,13,
CG4810,2,
CG4810,1,
CG4813,1,
CG4813,27,
qkr54B,15,
Cpr72Ea,2,
Cpr72Ea,3,
Cpr72Ea,1,
BicC,9,
BicC,20,
cnn,1,
CG4835,4,
beat-Ia,6,
CG4847,14,
CG4848,5,
CG4854,29,
RAF2,56,
RAF2,1,
RAF2,8,
RAF2,2,
CG4896,5,
Tm1,4,
Tm1,25,
Tm1,4,
Syn2,33,
CCAP,11,
me31B,65,
sala,6,
CG4925,1,
CG4936,14,
CG4955,3,
CG34168,31,
CG34168,1,
CG4960,1,
BCAS2,38,
CG4983,7,
CG5001,3,
CG5009,25,
CG5011,14,
Vap-33A,13,
CG5024,2,
CG5026,6,
CG5026,4,
CG5027,1,
CG5027,1,
SamDC,11,
CG5043,34,
mTerf3,58,
CG5050,41,
CG5050,10,
RASSF8,39,
RASSF8,6,
RASSF8,5,
RASSF8,10,
RASSF8,6,
CG5062,5,
Srp68,41,
Srp68,6,
Srp68,1,
Srp68,24,
CG5070,11,
Cdk4,3,
CG5078,5,
CG5078,8,
CG5078,15,
CG5087,6,
CG5087,13,
Sgt,7,
Sgt,9,
Sgt,2,
Sgt,62,
CG5096,25,
da,30,
da,2,
CG5103,3,
CG5107,8,
CG5110,17,
CG5111,2,
CG5111,3,
pAbp,14,
pAbp,25,
pAbp,28,
MED28,14,
MED28,1,
W,6,
MED9,1,
MED9,14,
nopo,6,
nopo,4,
CG5144,4,
l(3)psg2,5,
CG5151,11,
CG5151,33,
CG5160,10,
TfIIA-S,1,
GstE1,9,
GstE1,42,
GckIII,15,
CG5174,6,
Act88F,4,
Cdk9,107,
Doc2,12,
CG5190,62,
TfIIB,22,
CG5194,9,
CHIP,2,
CHIP,14,
CHIP,10,
CHIP,2,
Pli,4,
Pli,9,
Pli,2,
Zn72D,2,
Zn72D,11,
Sir2,18,
CG5220,123,
CG5246,3,
NHP2,1,
CG5261,40,
CG5273,4,
CG5278,1,
CG5280,1,
Rpt2,8,
RfC3,4,
AdipoR,8,
AdipoR,19,
Pex19,6,
Pex19,108,
trus,2,
trus,1,
CG5334,2,
CG5337,1,
RpS19b,14,
SmB,13,
SmB,1,
pie,5,
CG5355,17,
Art4,1,
mi,61,
ItgalphaPS5,19,
CG5375,4,
CG5376,13,
CG5376,7,
CG5376,7,
CG5376,40,
Rpn7,3,
Rpn7,1,
CG5380,2,
CG5382,2,
CG5390,7,
apt,18,
apt,132,
nmd,19,
Miro,53,
Miro,1,
CREG,15,
CG5418,11,
Rox8,46,
Klc,2,
Klc,30,
Klc,36,
Klc,6,
CG5445,18,
Cdlc2,1,
Cdlc2,26,
dnk,20,
snRNP-U1-C,9,
H,9,
CG5478,13,
CG5484,20,
Ubp64E,22,
Tsp74F,2,
Cpr92F,45,
mino,3,
CG5527,28,
CG5537,7,
Oli,40,
Oli,15,
MED19,4,
Pect,27,
Pect,35,
CG5555,23,
CG5555,6,
CG5569,102,
ken,18,
Ote,60,
Sce,6,
Sce,5,
CG5599,32,
eRF1,11,
CG5611,2,
CG5613,9,
CG5618,5,
Vps35,5,
nos,6,
nos,27,
wdb,9,
wdb,19,
wdb,2,
wdb,2,
CG5645,4,
Pp1-87B,229,
Pp1-87B,4,
Pp1-87B,31,
Pp1-87B,38,
yps,1,
CG5662,35,
CG5662,27,
Atpalpha,3,
CG5674,11,
bsk,9,
CG5681,29,
raps,29,
raps,3,
CG5694,58,
RhoBTB,7,
RhoBTB,2,
CG5705,3,
ari-2,8,
Arr1,5,
Arr1,3,
yellow-g,2,
yellow-g,7,
yellow-g,105,
Nab2,7,
CG5724,1,
CG5726,12,
Gld2,53,
CG5734,10,
orb2,1,
dmrt93B,13,
lolal,3,
CG5742,15,
Frq1,65,
Frq1,35,
CG5745,6,
CG5757,3,
rtet,10,
CG5762,17,
CG5780,23,
CG5793,5,
meigo,6,
CG5807,8,
CG5807,1,
CG5808,38,
His3.3A,2,
RpL37A,87,
CG5828,7,
P5cr-2,24,
cact,3,
cact,10,
cact,5,
CG5854,5,
IntS8,9,
AP-1sigma,6,
CG5890,6,
CG5890,149,
CG5890,6,
Frq2,3,
RpS2,2,
RpS2,23,
Her,44,
Ime4,18,
Ime4,117,
Ime4,3,
CG5941,8,
CG5953,4,
woc,55,
Arpc4,34,
Arpc4,7,
Nelf-E,3,
P5cr,24,
Hip14,10,
Arl1,13,
barc,2,
Ald,20,
CG6066,20,
RpL34a,66,
E(spl)m5-HLH,38,
E(spl)m5-HLH,4,
E(spl)m5-HLH,25,
E(spl)m4-BFM,5,
CG6118,6,
CG6126,150,
CG6126,7,
spz,5,
RpL9,87,
Pep,4,
CG34404,8,
CG34404,4,
Sec10,15,
CHORD,5,
Fmr1,11,
Fmr1,2,
por,29,
LM408,1,
Vha13,12,
cav,5,
CG6220,4,
Ufd1-like,1,
Csl4,36,
Nup62,3,
CG6254,20,
CG6276,21,
Edc3,76,
CG6325,14,
CG6329,1,
CG6357,31,
CG6357,71,
BM-40-SPARC,2,
Elf,2,
ball,52,
Snp,4,
Snp,2,
GalNAc-T2,3,
Snx16,43,
CG6412,2,
CG6418,3,
CG6429,3,
CG6429,23,
CG6439,1,
Dpy-30L1,3,
Sema-1b,45,
P32,32,
eIF-2gamma,31,
eIF-2gamma,1,
FRG1,2,
CG6506,2,
CG6506,26,
endos,55,
Cp18,2,
mthl3,15,
mthl3,26,
Cp16,31,
Gem3,5,
Mst33A,3,
Mst33A,79,
CG6567,19,
CG6569,49,
Aac11,29,
Pp1alpha-96A,53,
CG6607,40,
CG6607,3,
CG6610,27,
CG6617,10,
ssp6,6,
alphaSnap,2,
CG6659,13,
CG6674,44,
CG6683,22,
CG6686,6,
CG6688,7,
GABA-B-R2,69,
CG6707,29,
Osbp,11,
CG6709,6,
mgr,41,
CG6745,9,
nbs,72,
SH3PX1,25,
CG6767,21,
Slob,11,
Sec13,4,
se,14,
l(3)j2D3,17,
l(3)j2D3,41,
Mf,86,
Mf,2,
mbo,3,
ovo,5,
Rpb11,5,
Vps4,26,
CG6843,11,
CG6843,3,
nAChRalpha2,46,
CTPsyn,2,
CTPsyn,11,
CTPsyn,14,
Dysb,4,
Mst89B,12,
loqs,6,
loqs,15,
CG6891,44,
Ptp4E,4,
GlyS,6,
l(3)neo38,14,
CG6951,20,
CG6972,64,
Snmp1,49,
CG7048,47,
Atg101,98,
CG7054,39,
HHEX,4,
AP-2mu,12,
CG7059,3,
Cpr66Cb,10,
dik,3,
dik,49,
CG7102,2,
DNApol-alpha50,10,
cdc14,22,
CG7139,7,
P5CDh1,83,
CG7148,49,
CG7156,7,
CG7164,1,
Uro,38,
CG7172,11,
wupA,1,
wupA,18,
CG7182,8,
Ssdp,24,
CG7206,8,
htl,1,
CG7231,27,
Rpt4R,28,
CG7265,16,
CG7324,14,
CG7338,2,
CG7352,2,
CG7357,43,
CG7357,7,
CG7357,33,
CG7371,28,
Ubc12,8,
CG7379,9,
CG7379,13,
baf,41,
eg,17,
CG7386,2,
CG7386,2,
CG7387,2,
p38b,52,
p38b,40,
p38b,129,
Trn,13,
Trn,30,
Hn,47,
Hn,2,
ERR,4,
CG7429,1,
AGO2,43,
CG7443,6,
RpLP0,45,
CG7512,6,
CG7518,6,
CG7519,10,
Src64B,25,
CG7546,6,
CG7546,2,
CG7564,7,
hale,17,
Oatp74D,12,
Bub3,38,
CtBP,34,
CtBP,15,
CtBP,6,
Spt5,1,
Nca,2,
veli,98,
CstF-64,3,
Syx6,10,
CG34227,82,
kug,16,
Prp3,14,
Prp3,4,
Prp3,20,
pcs,20,
Rpn1,2,
CG7778,7,
DNaseII,17,
CG7800,5,
CG7806,6,
Grasp65,6,
Grasp65,67.00,
CG7818,13,
CG7834,85,
CG7845,2,
CG7856,10,
CG7856,54,
CG7879,20,
eIF2B-alpha,31,
put,6,
CG7911,60,
fan,95,
CG7927,1,
CG7927,5,
C15,4,
Sry-beta,8,
Sry-beta,4,
RpL32,36,
CG7945,117,
CG7945,31,
CG7946,76,
stck,25,
alphaCOP,8,
CdsA,9,
CG7967,200,
CG7997,7,
CG8004,19,
eIF4E-3,15,
Mtr3,18,
CG8036,12,
HP4,1,
shrb,14,
shrb,16,
row,31,
nudE,39,
CalpB,4,
CG8129,16,
CG8145,2,
Tfb1,32,
CG8159,18,
CG8206,30,
CG8206,1,
CG8219,1,
CG8235,1,
CG8235,1,
Poxn,31,
Spt,7,
CG8248,4,
tun,1,
Dmn,2,
Ef1alpha48D,11,
CG8281,9,
mRpL3,15,
CG8301,14,
Tango7,9,
E(spl)mdelta-HLH,13,
CG8331,20,
E(spl)m3-HLH,44,
CG8349,16,
Drep-1,21,
CG8360,15,
E(spl)m7-HLH,39,
nmdyn-D7,49,
E(spl)m8-HLH,3,
Arf79F,6,
Arf79F,9,
vlc,2,
Prosbeta1,4,
Su(var)205,9,
CG8417,9,
CG8417,37,
CG8417,3,
CG8417,15,
Ibf1,10,
Cam,19,
CG8481,18,
topi,11,
CG8500,9,
Cpr49Ac,27,
CG8508,13,
CG8578,34,
eco,17,
Neos,1,
CG8665,4,
pnut,16,
coil,16,
tsu,3,
Sin3A,17,
Ak6,3,
Sec5,27,
CG8851,109,
CG8861,80,
l(2)05714,22,
Nuf2,6,
CG8924,4,
Arpc3B,11,
rau,8,
PGRP-LE,11,
Fem-1,3,
bab1,12,
bab1,11,
CG9106,1,
CG9106,324,
ade2,7,
Kr-h2,7,
CG9173,20,
Nipsnap,3,
B4,42,
CG9259,7,
ktub,17,
Drep-4,9,
hng1,11,
CG9572,5,
CG9577,2,
Rbp4,17,
CG9674,28,
CG9684,16,
Abi,105,
Skp2,21,
CG9776,4,
fkh,13,
fkh,2,
fkh,1,
fkh,21,
fkh,1,
fkh,7,
fkh,3,
fkh,36,
fkh,11,
fkh,16,
fkh,60,
fkh,52,
fkh,20,
Tango9,3,
Tango9,11,
Noa36,9,
Noa36,14,
Noa36,1,
Noa36,5,
Noa36,15,
Noa36,16,
Noa36,103,
Noa36,62,
CG10014,4,
CG10014,18,
drm,6,
CG10019,12,
bowl,17,
bowl,11,
Fak,32,
Fak,8,
Fak,6,
CG10032,8,
CG10032,30,
CG10032,10,
CG10032,8,
CG10032,8,
CG10032,2,
CG10032,11,
CG10032,99,
CG10032,48,
CG10032,25,
CG10032,1,
CG10032,7,
CG10032,30,
CG10032,2,
CG10032,7,
CG10032,13,
CG10032,16,
CG10032,60,
CG10032,9,
CG10032,27,
CG10032,3,
CG10032,3,
CG10032,15,
CG10032,4,
CG10032,7,
CG10032,28,
CG10032,7,
CG10032,25,
CG10032,48,
CG10032,25,
CG10032,41,
CG10032,6,
CG10032,1,
CG10032,13,
CG10032,41,
CG10032,8,
CG10032,18,
CG10032,6,
CG10032,52,
CG10032,4,
CG10032,190,
CG10032,7,
CG10032,45,
CG10032,12,
CG10032,45,
CG10032,13,
CG10032,3,
CG10032,16,
CG10032,106,
CG10032,2,
for,35,
for,22,
for,3,
for,5,
for,13,
for,25,
for,12,
for,8,
for,6,
otp,5,
vvl,12,
vvl,21,
vvl,46,
RtGEF,16,
RtGEF,2,
RtGEF,4,
RtGEF,13,
RtGEF,11,
RtGEF,13,
RtGEF,3,
RtGEF,3,
RtGEF,6,
RtGEF,22,
RtGEF,17,
RtGEF,66,
RtGEF,20,
RtGEF,30,
RtGEF,2,
RtGEF,66,
RtGEF,1,
RtGEF,78,
RtGEF,38,
RtGEF,8,
GstD1,7,
GstD1,7,
GstD1,9,
GstD1,9,
GstD1,28,
GstD1,38,
CG10053,9,
CG10053,9,
CG10053,4,
CG10055,3,
MAGE,39,
MAGE,72,
Galphai,23,
Galphai,11,
Act57B,3,
Act57B,32,
Act57B,7,
Act57B,8,
Act57B,11,
Act57B,207,
Act57B,9,
Act57B,23,
Act57B,9,
CG10068,13,
CG10068,10,
emc,15,
emc,2,
RpL29,80,
RpL29,6,
RpL29,6,
RpL29,24,
CG10075,5,
CG10075,2,
CG10075,24,
spir,2,
spir,33,
spir,17,
spir,5,
spir,17,
spir,5,
CG10077,49,
Egfr,15,
Egfr,11,
CG10081,48,
Abp1,14,
CG10086,14,
CG10086,19,
Psa,12,
GstD9,8,
CG10092,20,
CG10098,1,
CG10098,11,
CG10103,15,
CG10103,33,
CG10103,36,
CG10103,15,
CG10103,59,
CG10103,7,
CG10103,4,
CG10103,22,
CG10103,26,
CG10103,56,
CG10103,27,
CG10103,189,
CG10104,6,
Tsp42Ee,7,
phyl,3,
phyl,23,
phyl,26,
phyl,144,
phyl,5,
phyl,30,
phyl,10,
phyl,7,
phyl,11,
phyl,33,
phyl,13,
phyl,34,
phyl,25,
phyl,7,
phyl,25,
phyl,12,
phyl,12,
phyl,34,
phyl,13,
phyl,39,
phyl,12,
phyl,10,
phyl,12,
phyl,25,
phyl,4,
phyl,62,
phyl,17,
phyl,92,
Cpr51A,2,
ple,6,
ple,2,
ple,110,
ple,3,
ple,5,
ple,27,
ple,13,
ple,41,
ple,9,
ple,1,
ple,8,
ple,34,
ple,5,
ple,8,
ple,4,
ple,33,
ple,15,
LamC,46,
Men,25,
Men,58,
Men,7,
RpI1,48,
zpg,23,
tra2,14,
tra2,1,
tra2,18,
Sec61beta,30,
CG10132,24,
CG10133,16,
CG10139,2,
CG10139,67,
CG10139,97,
CG10139,26,
CG10139,11,
CG10139,16,
CG10139,22,
mspo,10,
CG10147,18,
CG10147,26,
CG10147,1,
CG10147,50,
CG10147,27,
CG10147,60,
Rpn6,31,
Rpn6,9,
Rpn6,73,
Rpn6,48,
CG10154,22,
CG10154,22,
CG10154,66,
CG10154,2,
CG10154,29,
CG10154,7,
CG10154,15,
CG10154,44,
CG10154,3,
CG10154,2,
CG10154,9,
CG10154,2,
CG10154,92,
CG10154,36,
CG10154,4,
CG10154,27,
CG10154,3,
CG10154,6,
Spred,52,
Spred,12,
Spred,16,
Spred,1,
CG10157,36,
CG10158,35,
CG10158,10,
CG10158,8,
CG10158,9,
CG10158,11,
BEAF-32,40,
BEAF-32,20,
BEAF-32,17,
BEAF-32,3,
BEAF-32,25,
BEAF-32,176,
BEAF-32,3,
BEAF-32,73,
BEAF-32,27,
BEAF-32,50,
ImpL3,19,
ImpL3,2,
ImpL3,7,
eIF-3p66,149,
CG10163,24,
CG10164,22,
CG10164,6,
CG10164,6,
CG10164,3,
CG10164,2,
CG10164,3,
CG10164,2,
CG10164,12,
CG10164,2,
Mfap1,3,
Mfap1,2,
Mfap1,4,
Mfap1,4,
Mfap1,7,
Best2,7,
Best2,8,
Best2,15,
Best2,15,
Best2,5,
CG10175,5,
Mdr65,36,
Mdr65,35,
Mdr65,5,
Mdr65,5,
Mdr65,4,
Mdr65,4,
CG10188,18,
CG10189,18,
Mlp84B,3,
Mlp84B,4,
Mlp84B,94,
Mlp84B,50,
Mlp84B,70,
Mlp84B,2,
Mlp84B,1,
Mlp84B,35,
Mlp84B,10,
Mlp84B,6,
Mlp84B,7,
Mlp84B,2,
Mlp84B,1,
Mlp84B,5,
Mlp84B,5,
Mlp84B,3,
Mlp84B,2,
Mlp84B,15,
Mlp84B,21,
eIF4G2,16,
eIF4G2,12,
eIF4G2,37,
eIF4G2,27,
eIF4G2,27,
eIF4G2,27,
eIF4G2,55,
eIF4G2,2,
eIF4G2,7,
eIF4G2,7,
eIF4G2,43,
eIF4G2,46,
eIF4G2,47,
eIF4G2,45,
eIF4G2,43,
eIF4G2,8,
eIF4G2,8,
eIF4G2,4,
eIF4G2,2,
eIF4G2,2,
eIF4G2,4,
eIF4G2,4,
eIF4G2,25,
eIF4G2,25,
eIF4G2,3,
eIF4G2,3,
eIF4G2,3,
eIF4G2,3,
eIF4G2,2,
eIF4G2,4,
CG10195,4,
Nup98-96,1,
nop5,1,
nop5,19,
nop5,18,
nop5,4,
CG10209,22,
CG10209,3,
CG10209,3,
CG10209,6,
CG10209,5,
CG10209,22,
CG10209,25,
CG10209,8,
CG10209,9,
CG10211,37,
CG10211,6,
SMC2,60,
SMC2,45,
Ercc1,5,
Ercc1,46,
Ercc1,6,
Ercc1,82,
Ercc1,39,
Ercc1,121,
Ercc1,72,
CG10217,13,
CG10219,27,
CG10219,37,
CG10219,11,
CG10219,38,
Kat60,206,
Kat60,11,
Kat60,15,
Kat60,42,
Pde11,87,
Pde11,3,
Pde11,51,
Pde11,10,
Pde11,89,
rtp,12,
rtp,96,
rtp,13,
rtp,45,
LanA,29,
LanA,16,
LanA,11,
CG10237,49,
Cyp6a23,19,
Cyp6a23,34,
Cyp6a19,13,
Cyp6a20,68,
CG10252,127,
CG10252,13,
CG10252,14,
CG10254,62,
CG10254,13,
CG10254,30,
Lap1,4,
Lap1,24,
Lap1,15,
Lap1,33,
aPKC,38,
aPKC,49,
aPKC,30,
aPKC,1,
aPKC,3,
aPKC,40,
aPKC,67,
aPKC,3,
aPKC,32,
aPKC,1,
aPKC,14,
CG10262,4,
Hakai,2,
Hakai,57,
Hakai,23,
Hakai,4,
Hakai,4,
Hakai,10,
Hakai,26,
Hakai,17,
Hakai,20,
Hakai,13,
Hakai,3,
Hakai,6,
Hakai,80,
Hakai,33,
Hakai,10,
Hakai,2,
Hakai,4,
Hakai,4,
Hakai,2,
Hakai,1,
Hakai,1,
Hakai,8,
Hakai,7,
Hakai,48,
Hakai,4,
Hakai,4,
Hakai,101,
Hakai,4,
Hakai,18,
Hakai,16,
Hakai,12,
Hakai,115,
Hakai,57,
Hakai,3,
Hakai,6,
Hakai,27,
Hakai,29,
Hakai,12,
Hakai,1,
Hakai,2,
Hakai,14,
Hakai,3,
Hakai,35,
Hakai,16,
Hakai,11,
Hakai,50,
Hakai,85,
Hakai,60,
Hakai,2,
Hakai,2,
Hakai,2,
Hakai,85,
Hakai,4,
Hakai,12,
Hakai,8,
Hakai,1,
Hakai,69,
Hakai,3,
Hakai,5,
Hakai,16,
Hakai,26,
Hakai,12,
Hakai,26,
Hakai,8,
Hakai,21,
Hakai,15,
Hakai,11,
Hakai,12,
Hakai,119,
CG10265,547,
Zif,84,
Zif,7,
Zif,3,
Zif,14,
Zif,74,
Zif,58,
Zif,19,
Zif,12,
Zif,125,
Zif,5,
D19A,38,
D19A,33,
D19A,20,
D19A,55,
D19A,87,
D19A,14,
D19A,7,
D19A,166,
D19A,10,
D19A,104,
D19A,1,
D19A,128,
D19A,57,
D19A,24,
D19A,129,
D19A,47,
D19A,55,
D19A,43,
D19A,106,
D19A,8,
D19A,18,
D19A,14,
D19A,71,
D19A,21,
D19B,19,
D19B,124,
CG10274,18,
CG10274,60,
CG10274,15,
CG10274,103,
CG10274,19,
CG10274,24,
CG10274,89,
CG10274,69,
CG10274,53,
godzilla,200,
Rm62,27,
Rm62,2,
Rm62,13,
Rm62,17,
Rm62,35,
Rm62,6,
Rm62,179,
Rm62,29,
Rm62,158,
Rm62,48,
Rm62,114,
Rm62,145,
Rm62,224,
Rm62,40,
Rm62,65,
Rm62,45,
Antp,26,
Antp,18,
Antp,123,
Antp,57,
Antp,10,
CG10280,7,
CG10283,80,
CG10283,232,
CG10289,27,
CG10289,194,
CG10289,122,
CG10289,83,
CG10289,22,
how,1,
how,36,
how,55,
how,23,
how,12,
how,12,
Pak,110,
Pak,23,
Pak,36,
Pak,16,
CG10298,14,
CG10300,249,
CG10300,57,
bsf,41,
RpS26,28,
RpS26,58,
RpS26,18,
RpS26,118,
RpS26,30,
RpS26,20,
RpS26,103,
RpS26,7,
RpS26,46,
RpS26,24,
RpS26,7,
RpS26,8,
RpS26,155,
RpS26,12,
RpS26,6,
RpS26,11,
RpS26,2,
RpS26,18,
RpS26,1,
RpS26,13,
RpS26,133,
RpS26,18,
RpS26,13,
RpS26,102,
RpS26,59,
RpS26,16,
RpS26,52,
RpS26,4,
RpS26,4,
RpS26,64,
RpS26,7,
CG10306,2,
CG10306,1,
CG10306,14,
CycJ,5,
NC2alpha,21,
NC2alpha,4,
NC2alpha,3,
NC2alpha,1,
NC2alpha,3,
NC2alpha,1,
NC2alpha,3,
NC2alpha,1,
NC2alpha,8,
NC2alpha,3,
NC2alpha,3,
NC2alpha,1,
NC2alpha,23,
NC2alpha,19,
NC2alpha,1,
NC2alpha,1,
NC2alpha,24,
CG10321,6,
CG10324,10,
CG10324,27,
abd-A,3,
CG10326,16,
CG10326,1,
CG10326,13,
TBPH,11,
TBPH,9,
TBPH,32,
TBPH,40,
TBPH,32,
TBPH,1,
TBPH,2,
TBPH,18,
TBPH,19,
TBPH,91,
TBPH,27,
TBPH,29,
TBPH,35,
TBPH,2,
TBPH,42,
TBPH,12,
TBPH,16,
TBPH,5,
TBPH,3,
TBPH,8,
TBPH,1,
TBPH,1,
TBPH,2,
TBPH,1,
TBPH,1,
TBPH,1,
TBPH,1,
TBPH,27,
TBPH,16,
TBPH,6,
TBPH,27,
TBPH,4,
TBPH,9,
TBPH,23,
TBPH,41,
TBPH,71,
TBPH,49,
TBPH,57,
TBPH,35,
TBPH,27,
TBPH,23,
TBPH,5,
TBPH,49,
TBPH,46,
TBPH,90,
TBPH,12,
TBPH,63,
TBPH,35,
TBPH,49,
TBPH,196,
TBPH,29,
TBPH,23,
TBPH,26,
TBPH,30,
TBPH,82,
TBPH,22,
TBPH,390,
nonA-l,53,
Pbgs,10,
bcd,67,
bcd,8,
bcd,84,
bcd,24,
bcd,6,
bcd,13,
bcd,6,
bcd,6,
bcd,212,
bcd,15,
bcd,5,
bcd,22,
bcd,9,
bcd,44,
bcd,2,
bcd,17,
bcd,6,
CG10340,9,
CG10340,27,
CG10341,2,
CG10341,1,
CG10344,9,
Grip71,9,
Grip71,2,
Grip71,1,
Grip71,35,
Grip71,109,
Grip71,1,
Grip71,49,
CG10348,28,
CG10348,62,
CG10348,75,
CG10353,37,
CG10353,27,
CG10353,41,
CG10353,10,
Rat1,29,
Rat1,7,
CG10357,50,
ref(2)P,2,
ref(2)P,2,
ref(2)P,3,
Tep4,77,
Tep4,19,
Tep4,13,
msb1l,2,
msb1l,1,
msb1l,209,
msb1l,1,
msb1l,1,
msb1l,76,
msb1l,110,
msb1l,16,
msb1l,28,
msb1l,86,
msb1l,3,
msb1l,1,
msb1l,30,
msb1l,65,
msb1l,45,
msb1l,10,
CG10365,66,
CG10365,1,
CG10365,1,
CG10365,27,
CG10365,3,
Plip,8,
Plip,2,
Faf,2,
Jwa,20,
Jwa,2,
Jwa,28,
Jwa,22,
Jwa,50,
Jwa,10,
CG10375,32,
CG10376,1,
Hrb27C,12,
Hrb27C,27,
Hrb27C,1,
Hrb27C,2,
Hrb27C,1,
Hrb27C,18,
Hrb27C,19,
Hrb27C,2,
Hrb27C,5,
Hrb27C,1,
mbc,6,
msl-1,17,
tos,8,
tos,1,
tos,3,
tos,3,
tos,5,
tos,16,
tos,4,
tos,1,
tos,54,
tos,11,
tos,42,
tos,46,
tos,92,
tos,22,
tos,13,
tos,53,
tos,28,
tos,32,
tos,45,
tos,75,
tos,38,
tos,50,
tos,32,
tos,91,
tos,50,
tos,50,
tos,104,
tos,85,
tos,39,
Ubx,52,
Ubx,18,
Ubx,33,
Ubx,20,
Ubx,16,
Ubx,109,
Ubx,17,
sxc,52,
sxc,23,
sxc,44,
sxc,37,
sxc,26,
sxc,75,
sxc,26,
sxc,94,
sxc,51,
sxc,27,
sxc,42,
sxc,1,
sxc,69,
sxc,5,
sxc,9,
sxc,13,
CG10395,2,
CG10395,15,
CG10395,34,
CG10395,3,
CG10395,13,
CG10395,35,
CG10395,29,
CG10395,23,
CG10395,46,
CG10395,28,
CG10395,28,
CG10395,25,
CG10395,28,
CG10395,10,
CG10395,5,
CG10395,2,
CG10395,99,
CG10395,20,
CG10405,30,
mRpS33,78,
CG10407,201,
CG1041,18,
CG1041,109,
CG1041,2,
CG1041,38,
CG1041,40,
CG10413,3,
Atac2,63,
TfIIEalpha,47,
CG10417,21,
CG10418,14,
Gem2,22,
RpS27,9,
RpS27,23,
RpS27,6,
RpS27,21,
RpS27,61,
RpS27,18,
RpS27,29,
RpS27,23,
RpS27,73,
RpS27,1,
RpS27,26,
RpS27,26,
RpS27,86,
RpS27,4,
CG10426,30,
CG10433,13,
CG10435,4,
CG10435,39,
Obp69a,18,
CG10440,5,
CG10440,28,
Catsup,24,
Catsup,17,
zen,41,
zen,11,
zen,79,
zen,31,
zen,68,
zen,29,
zen,12,
zen,14,
zen,40,
zen,31,
cer,68,
CG10462,8,
CG10462,30,
CG10462,87,
CG10462,9,
CG10462,7,
CG10463,1,
CG10470,121,
CG10470,11,
CG10479,1,
Rcc1,20,
Rcc1,32,
Rcc1,65,
Rcc1,22,
CG10483,13,
CG10483,45,
eyg,11,
eyg,17,
eyg,20,
eyg,6,
eyg,84,
eyg,13,
eyg,2,
eyg,67,
eyg,79,
eyg,3,
eyg,8,
eyg,81,
eyg,27,
eyg,29,
eyg,12,
eyg,61,
eyg,24,
eyg,80,
eyg,31,
eyg,23,
Pole2,28,
Pole2,29,
Pole2,60,
Cct1,6,
Cct1,81,
Cct1,11,
Cct1,47,
CG10494,18,
CG10494,25,
CG10494,149,
CG10494,20,
CG10494,83,
CG10494,18,
TAF1C-like,21,
cdc2c,5,
cdc2c,16,
cdc2c,21,
CG10508,26,
CG10508,11,
CG10508,13,
CG10508,90,
CG10508,5,
CG10508,2,
CG10508,15,
CG10508,17,
CG10508,11,
CG10508,42,
CG10510,2,
CG10510,39,
CG10510,7,
CG10510,14,
CG10510,36,
CG10510,61,
CG10510,7,
CG10510,7,
CG10510,17,
CG10510,4,
CG10510,2,
CG10510,22,
CG10510,8,
CG10510,33,
CG10510,47,
CG10510,23,
CG10510,49,
CG10512,20,
CG10512,22,
CG10512,8,
CG10513,3,
CG10513,3,
tub,43,
sti,30,
park,3,
park,18,
park,26,
park,54,
park,13,
CG10527,5,
CG10527,6,
CG10527,14,
CG10527,27,
CG10527,21,
CG10527,13,
CG10527,4,
CG10527,31,
CG10527,29,
CG10527,17,
fs(2)ltoPP43,29,
fs(2)ltoPP43,6,
fs(2)ltoPP43,11,
fs(2)ltoPP43,20,
fs(2)ltoPP43,56,
Cht9,136,
Cht9,13,
Cht9,29,
Cht9,117,
Elp1,26,
Elp1,64,
cbx,34,
CdGAPr,88,
S6k,8,
cpa,34,
cpa,63,
cpa,7,
cpa,10,
Tektin-C,12,
Tektin-C,20,
Tektin-C,9,
Tektin-C,18,
Tektin-C,9,
Tektin-C,13,
Tektin-C,5,
Tektin-C,18,
Tektin-C,9,
Tektin-C,34,
Tektin-C,13,
Tektin-C,41,
Tektin-C,9,
Tektin-C,12,
Tektin-C,2,
Tektin-C,28,
Tektin-C,6,
Bre1,21,
Bre1,9,
Bre1,35,
Gbeta13F,5,
Gbeta13F,36,
Gbeta13F,25,
CG10550,19,
CG10559,47,
CG10559,2,
CG10559,50,
CG10559,1,
CG10559,14,
5-HT2A,35,
CG10561,89,
CG10565,17,
CG10566,6,
CG10566,3,
CG10566,119,
MED31,3.00,
CG10570,5,
ara,1,
ko,11,
ko,7,
ko,1,
ko,2,
ko,19,
Ppat-Dpck,4,
Ppat-Dpck,11,
CG10576,5,
CG10576,5,
DnaJ-1,20,
DnaJ-1,97,
DnaJ-1,4,
DnaJ-1,4,
DnaJ-1,64,
DnaJ-1,4,
DnaJ-1,5,
DnaJ-1,18,
DnaJ-1,22,
DnaJ-1,4,
DnaJ-1,40,
DnaJ-1,12,
DnaJ-1,19,
DnaJ-1,5,
DnaJ-1,67,
DnaJ-1,32,
DnaJ-1,7,
DnaJ-1,2,
DnaJ-1,4,
DnaJ-1,48,
DnaJ-1,2,
DnaJ-1,3,
DnaJ-1,15,
DnaJ-1,34,
DnaJ-1,7,
DnaJ-1,31,
DnaJ-1,6,
DnaJ-1,12,
DnaJ-1,26,
DnaJ-1,2,
CG10585,16,
CG10585,7,
CG10589,4,
Karybeta3,5,
CG10591,33,
CG10591,10,
CG10591,1,
CG10591,8,
Acer,4,
spo,14,
Msr-110,16,
Msr-110,13,
CG10600,11,
CG10600,8,
CG10600,14,
CG10600,4,
CG10602,11,
CG10602,18,
CG10602,9,
bsh,23,
bsh,18,
bsh,24,
bsh,15,
bsh,6,
bsh,11,
bsh,165,
bsh,35,
bsh,43,
bsh,45,
bsh,6,
bsh,26,
bsh,9,
bsh,4,
bsh,26,
ECSIT,10,
ECSIT,25,
CG10616,12,
tup,2,
tup,21,
tup,41,
tup,2,
tup,29,
Tsf2,11,
Tsf2,13,
CG10623,4,
sinu,19,
sinu,5,
sinu,30,
sinu,5,
sinu,7,
sinu,4,
sinu,5,
nst,32,
nst,6,
nst,10,
sowah,25,
sowah,15,
sowah,5,
sowah,13,
sowah,6,
CG10638,15,
Snr1,32,
Snr1,7,
Snr1,6,
Snr1,2,
Snr1,26,
Snr1,6,
Snr1,15,
Snr1,3,
Snr1,9,
Snr1,6,
Snr1,18,
Snr1,7,
Snr1,4,
Snr1,4,
Snr1,11,
Snr1,31,
Snr1,6,
Snr1,9,
Snr1,11,
Snr1,2,
Snr1,68,
Snr1,4,
Snr1,8,
Snr1,5,
Snr1,6,
Snr1,2,
Snr1,4,
Snr1,5,
Snr1,5,
Snr1,8,
Uev1A,35,
Uev1A,17,
Uev1A,34,
Klp64D,8,
lama,26,
lama,11,
Scsalpha,20,
Scsalpha,16,
Scsalpha,1,
Scsalpha,19,
Scsalpha,12,
CG10650,10,
CG10650,6,
CG10650,12,
CG10650,3,
CG10650,19,
CG10650,31,
CG10650,18,
CG10650,3,
CG10650,11,
CG10650,3,
CG10650,18,
CG10650,26,
CG10650,16,
CG10650,1,
CG10650,15,
CG10650,3,
CG10650,6,
CG10650,5,
CG10650,10,
CG10650,1,
CG10650,38,
RpL30,15,
RpL30,31,
RpL30,3,
RpL30,109,
RpL30,4,
hk,1,
hk,7,
hk,1,
hk,13,
hk,3,
hk,3,
hk,22,
hk,12,
hk,4,
hk,24,
hk,4,
hk,1,
hk,5,
hk,13,
CG10654,1,
CG10654,15,
CG10654,10,
CG10654,13,
CG10654,6,
CG10654,9,
CG10654,14,
CG10654,21,
CG10654,12,
CG10654,8,
CG10654,20,
CG10654,315,
CG10654,12,
CG10663,7,
CG10663,2,
CG10663,4,
CG10663,25,
CG10663,16,
CG10663,8,
CoIV,10,
CoIV,6,
CoIV,3,
CoIV,16,
CG10671,15,
CG10671,3,
Prpk,1,
Nedd8,4,
Nedd8,3,
Nedd8,4,
CG10680,14,
CG10680,15,
CG10681,15,
CG10681,4,
CG10681,31,
vih,18,
vih,9,
vih,37,
vih,30,
vih,2,
rhi,5,
rhi,9,
rhi,5,
rhi,18,
rhi,5,
rhi,4,
rhi,15,
rhi,7,
l(2)37Cg,17,
l(2)37Cg,6,
l(2)37Cg,4,
l(2)37Cg,7,
l(2)37Cg,10,
tral,5,
tral,3,
tral,10,
tral,14,
tral,22,
tral,7,
tral,13,
tral,6,
tral,41,
tral,126,
tral,5,
Aats-asn,4,
l(2)37Cc,21,
l(2)37Cc,22,
l(2)37Cc,16,
CG10694,10,
CG10694,10,
CG10694,5,
CG10694,13,
CG10694,8,
CG10694,2,
CG10694,7,
CG10694,15,
CG10694,6,
CG10694,3,
CG10694,17,
CG10694,9,
CG10694,2,
CG10694,3,
CG10694,18,
Pat1,18,
Pat1,29,
Pat1,2,
Pat1,25,
Pat1,18,
Pat1,7,
Pat1,10,
Pat1,27,
Pat1,12,
Pat1,12,
Pat1,15,
Pat1,2,
Pat1,1,
Pat1,11,
Pat1,46,
Pat1,21,
Pat1,20,
Pat1,2,
Pat1,6,
Pat1,5,
Pat1,14,
Pat1,2,
Pat1,5,
Pat1,8,
Lim3,12,
Lim3,5,
Lim3,5,
Lim3,1,
Lim3,4,
Lim3,2,
Lim3,11,
Lim3,3,
Lim3,2,
Lim3,7,
Alh,5,
Alh,3,
CG10700,3,
Moe,10,
GCC88,5,
GCC88,6,
GCC88,4,
GCC88,9,
GCC88,60,
GCC88,1,
GCC88,3,
GCC88,48,
GCC88,10,
E2f2,5,
E2f2,5,
E2f2,6,
E2f2,3,
E2f2,5,
E2f2,14,
E2f2,1,
E2f2,2,
E2f2,2,
E2f2,1,
E2f2,21,
E2f2,2,
E2f2,7,
E2f2,6,
E2f2,1,
E2f2,6,
E2f2,1,
E2f2,9,
E2f2,1,
E2f2,3,
E2f2,4,
E2f2,18,
CG10710,22,
CG10710,9,
CG10710,2,
Vps36,3,
Vps36,7,
Vps36,9,
Vps36,1,
Vps36,10,
Vps36,10,
Chro,2,
Chro,2,
Chro,7,
Chro,15,
Chro,9,
Chro,2,
CG10713,6,
brat,33,
brat,39,
CG10721,8,
CG10721,7,
CG10721,4,
CG10721,6,
CG10721,12,
flr,1,
barr,1,
barr,3,
CG10730,1,
loj,12,
loj,17,
pigeon,9,
Liprin-beta,9,
fok,4,
fok,12,
fok,4,
fok,4,
fok,17,
CG10749,8,
CG10750,12,
CG10750,5,
CG10750,3,
robl,6,
robl,1,
robl,18,
robl,5,
robl,7,
robl,12,
CG10754,4,
Taf13,6,
mRpS18B,5,
mRpS18B,2,
CG1077,5,
CG1077,11,
wit,2,
CG10777,24,
CG10777,5,
Fip1,5,
Fip1,5,
Fip1,3,
Fip1,10,
Fip1,2,
ng1,2,
dm,16,
dm,21,
dm,52,
Rca1,4,
Rca1,5,
Rca1,8,
Rca1,1,
Rca1,5,
l(2)k09022,16,
Nha1,20,
Nha1,13,
Nha1,48,
Nha1,11,
CG10809,7,
eIF4G,18,
CG10814,3,
CG10814,17,
CG10814,29,
CG10814,1,
CG10814,3,
CG10814,6,
CG10814,3,
CG10814,9,
CG10814,3,
CG10814,1,
CG10814,28,
CG10822,2,
CG10822,5,
CG10822,1,
CG10822,2,
Ice2,15,
Ice2,3,
eIF-4B,2,
eIF-4B,2,
robl22E,6,
robl22E,1,
robl22E,5,
Cont,6,
eIF5B,20,
eIF5B,4,
dyn-p25,4,
dyn-p25,2,
dyn-p25,38,
dyn-p25,11,
dyn-p25,7,
dyn-p25,2,
dyn-p25,7,
dyn-p25,24,
dyn-p25,7,
Sc2,1,
Sc2,4,
Sc2,3,
Sc2,11,
Sc2,12,
Sc2,3,
Sc2,18,
Sc2,1,
Sc2,1,
Sc2,4,
Sc2,11,
Sc2,4,
Sc2,78,
Sc2,3,
Sc2,77,
Sc2,115,
B52,9,
B52,32,
B52,7,
B52,26,
B52,22,
Acp63F,90,
Acp63F,5,
Glut1,1,
Glut1,66,
orb,32,
CG10869,11,
p53,4,
Vha26,4,
Vha26,4,
Vha26,48,
Vha26,8,
Vha26,22,
Vha26,15,
Vha26,6,
Vha26,1,
Vha26,15,
Vha26,193,
Vha26,4,
Vha26,23,
Sec24CD,28,
Sec24CD,17,
Sec24CD,1,
Sec24CD,56,
Sec24CD,91,
Sec24CD,6,
Sec24CD,1,
Sec24CD,15,
Sec24CD,12,
Sec24CD,3,
Sec24CD,14,
Sec24CD,15,
Sec24CD,131,
CG10889,8,
tou,23,
osk,20,
osk,43,
osk,12,
osk,2,
CG10904,5,
CG10904,17,
Der-1,41,
CG1091,8,
CG1091,1,
CG1091,1,
CG1091,12,
CG1091,12,
CG1091,2,
CG1091,97,
CG1091,90,
CG1091,15,
CG10911,19,
CG10914,6,
CG10914,20,
fj,5,
CG10918,19,
CG10918,10,
CG10918,3,
La,9,
La,17,
La,34,
La,35,
La,31,
La,13,
CG10927,36,
CG10927,2,
CG10927,1,
CG10933,41,
Sip1,3,
Sip1,3,
CG10943,1,
CG10943,21,
CG10943,4,
CG10943,23,
CG10943,1,
CG10943,3,
CG10943,11,
CG10943,21,
CG10943,65,
CG10943,33,
CG10943,100,
CG10943,9,
CG10943,2,
CG10943,13,
RpS6,5,
RpS6,161,
RpS6,69,
RpS6,10,
RpS6,2,
RpS6,1,
RpS6,12,
RpS6,20,
CG10948,1,
CG10948,1,
CG10948,2,
CG10948,6,
CG10948,1,
CG10948,1,
CG10948,19,
CG10948,15,
CG10948,17,
CG10948,1,
CG10949,39,
CG10949,85,
CG10950,2,
Arpc2,79,
Arpc2,24,
Rtf1,10,
CG10958,3,
CG10959,32,
CG10959,6,
CG10959,10,
CG10960,2,
Traf6,6,
Traf6,1,
Traf6,26,
Traf6,3,
Traf6,7.00,
Traf6,6,
Traf6,25,
Traf6,8,
Traf6,2,
Traf6,4,
Traf6,24,
Traf6,23,
Traf6,10,
sni,2,
Atg1,1,
Atg1,2,
Hip1,21,
Hip1,23,
Hip1,10,
Hip1,1,
Hip1,5,
Hip1,28,
Hip1,7,
Hip1,11,
Vap-33B,8,
Vap-33B,28,
Vap-33B,8,
CG10979,5,
CG10979,12,
CG10979,7,
CG10979,12,
CG10979,3,
CG10979,24,
CG10979,9,
CG10979,7,
CG10979,11,
CG10979,16,
CG10979,19,
CG10979,11,
CG10979,19,
CG10979,10,
CG10979,37,
CG10979,8,
CG10979,14,
CG10979,8,
CG10979,57,
CG10979,109,
CG10979,14,
CG10979,20,
CG10979,21,
dgrn,14,
dgrn,37,
dgrn,39,
dgrn,51,
dgrn,3,
g,1,
Grip91,44,
Dap160,7,
Dap160,109,
Dap160,15,
Dap160,25,
Dap160,17,
Dap160,24,
Dap160,9,
Dap160,4,
Pdcd4,7,
Pdcd4,100,
Pdcd4,7,
Pdcd4,4,
Pdcd4,1,
Pdcd4,16,
CtsB1,10,
CtsB1,214,
CtsB1,18,
CtsB1,2,
CtsB1,11,
CtsB1,12,
CtsB1,95,
Rpn5,7,
Rpn5,11,
Rpn5,14,
FK506-bp2,4,
FK506-bp2,1,
FK506-bp2,5,
FK506-bp2,13,
FK506-bp2,5,
FK506-bp2,34,
FK506-bp2,4,
FK506-bp2,81,
FK506-bp2,2,
FK506-bp2,54,
FK506-bp2,5,
Sap130,10,
Sap130,14,
Sap130,14,
Sap130,2,
Sap130,13,
Sap130,12,
Sap130,10,
Sap130,41,
Sap130,1,
CG11007,17,
CG11007,112,
CG42588,5,
Wbp2,3,
CoVb,5,
MP1,3,
isopeptidase-T-3,18,
Arf102F,5,
Arf102F,14,
CG11029,3,
CG11030,39,
CG11034,15,
CG11035,16,
CG1104,42,
CG1104,50,
CG1104,2,
CG1104,7,
CG1104,5,
CG1104,21,
CG1104,11,
CG1104,12,
CG1104,50,
CG1104,7,
CG1104,15,
CG1104,12,
CG1104,24,
CG1104,2,
CG1104,4,
CG1104,34,
CG1104,15,
CG1104,3,
CG1104,10,
CG1104,1,
CG1104,8,
CG1104,11,
CG1104,5,
Efhc1.2,6,
Nplp2,13,
Hsl,9,
Hsl,68,
Hsl,37,
Hsl,23,
Hsl,1,
Hsl,10,
GM130,4,
GM130,16,
GM130,15,
GM130,5,
GM130,8,
GM130,7,
GM130,4,
GM130,28,
GM130,2,
GM130,5,
GM130,1,
GM130,2,
GM130,5,
GM130,2,
GM130,19,
GM130,3,
GM130,20,
GM130,2,
GM130,20,
GM130,6,
GM130,2,
GM130,2,
GM130,40,
GM130,47,
GM130,18,
GM130,15,
GM130,7,
jub,5,
Rfabg,30,
Rfabg,12,
Rfabg,3,
CG11068,9,
aux,16,
aux,20,
CG11076,1,
CG11076,62,
CG11076,9,
CG11076,11,
CG11076,11,
CG11076,50,
CG11076,6,
CG11076,33,
CG11076,10,
CG11076,3,
CG11076,12,
CG11076,4,
CG11076,79,
CG11076,9,
CG11077,9,
PlexA,14,
Gadd45,1,
Gadd45,5,
Gadd45,11,
Gadd45,22,
Nup93-1,13,
Nup93-1,1,
Nup93-1,33,
Nup93-1,39,
Nup93-1,39,
Nup93-1,6,
Nup93-1,1,
Nup93-1,23,
Nup93-1,29,
Nup93-1,3,
dsx,4,
dsx,7,
dsx,19,
dsx,11,
dsx,13,
dsx,15,
dsx,4,
dsx,3,
dsx,4,
dsx,107,
dsx,11,
dsx,14,
dsx,21,
dsx,3,
dsx,47,
dsx,5,
dsx,5,
dsx,15,
dsx,5,
dsx,48,
dsx,6,
dsx,2,
dsx,5,
dsx,18,
dsx,56,
dsx,25,
dsx,2,
dsx,4,
dsx,15,
dsx,22,
dsx,27,
dsx,11,
dsx,21,
dsx,104,
dsx,10,
dsx,3,
dsx,38,
Mes2,1,
Mes2,9,
Mes2,2,
Mes2,112,
Mes2,16,
Mes2,8,
Mes2,13,
Mes2,18,
Mes2,19,
pwn,20,
pwn,1,
CG11107,3,
CG11109,40,
CG11110,60,
Ssl1,69,
alpha-Est7,9,
so,12,
so,4,
so,11,
so,3,
so,11,
so,25,
so,46,
so,15,
so,2,
so,12,
so,4,
so,5,
so,18,
so,8,
so,1,
CG11125,15,
CG11125,6,
CG11125,10,
CG11127,109,
slif,2,
slif,8,
slif,4,
Yp3,2,
Yp3,17,
Yp3,6,
Yp3,6,
Yp3,23,
Yp3,5,
Yp3,2,
DMAP1,5,
BoYb,6,
CG11138,5,
CG11138,6,
CG11138,19,
CG11138,8,
CG11138,8,
CG11138,61,
CG11138,4,
CG11138,9,
CG11138,2,
CG11138,6,
CG11138,11,
CG11138,11,
CG11138,6,
CG11138,26,
CG11138,4,
CG11138,11,
CG11138,19,
CG11138,2,
CG11138,4,
CG11138,2,
CG11138,30,
CG11138,19,
CG11138,3,
CG11138,16,
CG11138,9,
CG11138,9,
CG11138,14,
CG11138,11,
CG11138,4,
CG11138,19,
CG11138,15,
CG11138,2,
CG11138,25,
CG11138,25,
CG11138,3,
CG11138,3,
CG11138,3,
CG11138,1,
CG11138,5,
CG11138,8,
CG11138,5,
CG11138,9,
CG11138,21,
CG11138,4,
CG11138,6,
CG11138,33,
p47,17,
Aldh-III,1,
Aldh-III,11,
Aldh-III,7,
Aldh-III,23,
obst-E,7,
CG11145,8,
CG11148,8,
CG11148,27,
CG11148,3,
CG11148,3,
CG11148,17,
Vps37B,7,
Vps37B,7,
ATPsyn-beta,7,
ATPsyn-beta,7,
ATPsyn-beta,6,
ATPsyn-beta,94,
ATPsyn-beta,28,
ATPsyn-beta,30,
ATPsyn-beta,15,
ATPsyn-beta,7,
ATPsyn-beta,33,
ATPsyn-beta,7,
ATPsyn-beta,15,
ATPsyn-beta,11,
ATPsyn-beta,13,
ATPsyn-beta,11,
ATPsyn-beta,4,
mus101,15,
CG1116,1,
CG1116,21,
CG1116,19,
ZnT41F,5,
ZnT41F,16,
ZnT41F,5,
ZnT41F,24,
ZnT41F,29,
ZnT41F,5,
CG11164,15,
CG11164,2,
CG11164,27,
CG11164,4,
CG11164,8,
CG11164,45,
CG11164,5,
CG11164,52,
CG11164,9,
CG11164,2,
CG11164,2,
CG11164,5,
CG11164,16,
CG11164,1,
CG11164,19,
CG11164,13,
CG11164,39,
CG11164,79,
CG11164,15,
CG11164,18,
CG11164,6,
CG11164,3,
CG11164,12,
CG11164,23,
CG11164,56,
CG11164,5,
CG11164,1,
CG11164,4,
CG11164,37,
CG11164,6,
CG11164,14,
CG11164,44,
CG11164,14,
CG11164,8,
CG11164,37,
CG11164,1,
CG11164,90,
CG11164,11,
CG11164,83,
CG11164,20,
CG11164,12,
CG11164,30,
CG11164,3,
CG11164,2,
CG11164,64,
CG11164,21,
CG11164,40,
CG11164,11,
CG11164,2,
CG11164,3,
CG11164,3,
CG11164,4,
CG11164,6,
CG11164,6,
CG11164,16,
CG11164,2,
CG11164,7,
CG11164,4,
CG11164,84,
CG11164,7,
CG11164,2,
CG11164,19,
CG11164,54,
CG11164,47,
CG11164,21,
CG11164,40,
CG11164,7,
CG11164,19,
CG11164,8,
CG11164,9,
CG11164,8,
CG11164,9,
CG11164,4,
CG11164,8,
CG11164,9,
CG11164,6,
CG11164,39,
CG11164,21,
CG11164,3,
CG11164,3,
CG11164,10,
CG11164,1,
CG11164,4,
CG11164,1,
CG11164,6,
CG11164,45,
CG11164,3,
CG11164,3,
CG11164,10,
CG11164,12,
CG11164,9,
CG11164,5,
CG11164,17,
CG11164,13,
CG11164,3,
CG11164,8,
CG11164,2,
CG11164,10,
CG11164,5,
CG11165,26,
CG11165,2,
CG11165,5,
Eaf,4,
Eaf,9,
Eaf,127,
Eaf,5,
Eaf,14,
Eaf,14,
Eaf,7,
Eaf,11,
Eaf,25,
Eaf,6,
Eaf,16,
Eaf,12,
Eaf,8,
Eaf,13,
Eaf,18,
Eaf,2,
Eaf,2,
Eaf,69,
Eaf,3,
Eaf,36,
CG11168,3,
NFAT,5,
Snap29,5,
Snap29,53,
Snap29,18,
Snap29,2,
Snap29,2,
Snap29,59,
Snap29,15,
Snap29,5,
Snap29,15,
Snap29,14,
Snap29,2,
Snap29,6,
Tango2,7,
Tango2,5,
BthD,34,
CG11178,12,
CG11178,56,
CG11178,9,
CG11180,50,
CG11180,5,
CG11180,3,
CG11180,6,
cup,23,
cup,24,
cup,9,
cup,8,
cup,18,
cup,8,
cup,2,
cup,8,
cup,9,
cup,45,
cup,16,
cup,4,
cup,55,
cup,2,
cup,2,
cup,24,
cup,3,
PHDP,20,
PHDP,8,
PHDP,15,
PHDP,5,
PHDP,18,
PHDP,11,
PHDP,2,
PHDP,2,
PHDP,5,
PHDP,15,
PHDP,36,
PHDP,3,
PHDP,11,
PHDP,25,
Dcp1,44,
Dcp1,5,
Dcp1,26,
Dcp1,69,
toy,7,
toy,12,
toy,12,
toy,110,
toy,13,
toy,16,
toy,3,
toy,14,
Aatf,12,
Aatf,4,
Hey,20,
Hey,7,
Hey,3,
Hey,6,
Hey,13,
Hey,18,
Hey,26,
Hey,5,
Hey,4,
Hey,11,
Hey,8,
Hey,7,
Hey,22,
Hey,24,
Hey,118,
Hey,23,
Hey,5,
Hey,3,
Hey,5,
Hey,2,
Hey,2,
Hey,2,
Hey,2,
Hey,5,
Hey,12,
Hey,3,
Hey,24,
Hey,12,
Hey,5,
Hey,18,
Liprin-alpha,10,
IntS10,24,
IntS10,14,
IntS10,14,
IntS10,5,
CG11200,6,
CG11200,2,
TTLL3B,8,
org-1,5,
org-1,12,
org-1,11,
phr,5,
phr,49,
CG11208,3,
Cp38,2,
Cp38,19,
Cp38,2,
Cp38,5,
Cp38,3,
Cp38,1,
Cp38,2,
Cp38,6,
Cp38,3,
Cp38,1,
Cp38,1,
Cp38,18,
Cp38,16,
Cp38,4,
Cp38,10,
Cp38,5,
Cp38,2,
Cp38,1,
Cp38,3,
Cp38,13,
Cp38,4,
Cp38,2,
Cp38,10,
Cp38,1,
Cp38,6,
Cp38,7,
Cp38,3,
Cp38,2,
Obp56d,5,
Obp56d,1,
CG11227,1,
hpo,1,
hpo,4,
hpo,1,
hpo,5,
hpo,14,
hpo,16,
hpo,4,
hpo,3,
hpo,12,
hpo,43,
hpo,2,
hpo,1,
hpo,2,
hpo,3,
hpo,1,
hpo,8,
hpo,27,
hpo,1,
hpo,2,
hpo,4,
CG11247,2,
CG11247,27,
CG11247,2,
CG11247,6,
CG11247,14,
CG11247,14,
CG11247,2,
CG11247,2,
CG11247,2,
CG11248,4,
CG11248,2,
CG11248,27,
CG11248,6,
CG11248,2,
CG11248,4,
CG11248,8,
CG11248,10,
CG11248,4,
CG11248,3,
CG11248,20,
CG11248,13,
CG11248,3,
CG11248,2,
CG11248,8,
CG11248,2,
CG11248,4,
CG11248,1,
CG11248,27,
CG11248,7,
CG11249,12,
CG11249,3,
Zmynd10,16,
Zmynd10,7,
mael,3,
mael,4,
MICAL-like,3,
MICAL-like,44,
MICAL-like,8,
MICAL-like,2,
Trf4-1,19,
Trf4-1,2,
Trf4-1,1,
Trf4-1,7,
Trf4-1,12,
Trf4-1,20,
Trf4-1,7,
Trf4-1,1,
Trf4-1,18,
Trf4-1,15,
Trf4-1,22,
Trf4-1,2,
Trf4-1,1,
Trf4-1,3,
Trf4-1,2,
Trf4-1,6,
Trf4-1,9,
Trf4-1,19,
CG11266,1,
CG11266,7,
CG11266,9,
CG11266,21,
CG11266,22,
CG11266,9,
CG11266,2,
CG11266,2,
CG11266,10,
CG11266,22,
RpS12,6,
RpS12,6,
RpS12,2,
RpS12,10,
RpS12,13,
RpS12,26,
RpS12,4,
RpS12,7,
RpS12,17,
RpS12,1,
RpS12,19,
RpS12,2,
RpS12,10,
RpS12,22,
RpS12,10,
RpS12,2,
RpS12,6,
RpS12,10,
RpS12,5,
RpS12,6,
SRm160,7,
CG11275,12,
CG11275,33,
CG11275,2,
CG11275,3,
CG11275,16,
CG11275,6,
CG11275,7,
CG11275,8,
CG11275,40,
CG11275,7,
CG11275,12,
CG11275,3,
CG11275,3,
CG11275,4,
CG11275,4,
CG11275,12,
CG11275,14,
CG11275,11,
CG11275,14,
CG11275,3,
CG11275,13,
CG11275,8,
CG11275,5,
CG11275,19,
CG11275,13,
CG11275,2,
RpS4,6,
RpS4,4,
RpS4,5,
RpS4,7,
alpha-Est9,7,
trn,28,
trn,11,
trn,7,
trn,20,
trn,4,
CG11284,10,
St3,8,
St3,12,
St3,2,
l(2)dtl,16,
Sesn,3,
Sesn,2,
Sesn,4,
scrt,16,
scrt,13,
CG11300,20,
CG11300,8,
Mes4,11,
Sirt7,7,
Sirt7,3,
Sirt7,8,
Sirt7,29,
CG11306,14,
CG11309,28,
insc,4,
insc,6,
Npc2g,3,
Npc2g,2,
Npc2g,11,
Npc2g,3,
Npc2g,6,
fd64A,33,
fd64A,19,
fd64A,6,
fd64A,11,
fd64A,5,
fd64A,26,
fd64A,3,
fd64A,6,
fd64A,6,
CG11320,3,
CG11321,14,
CG11322,11,
CG11322,2,
CG11322,2,
CG11322,2,
CG11322,2,
CG11322,7,
CG11322,15,
homer,5,
homer,8,
homer,5,
homer,72,
homer,5,
homer,3,
homer,3,
homer,5,
homer,5,
homer,6,
homer,3,
homer,2,
homer,12,
homer,2,
homer,8,
homer,2,
homer,3,
homer,1,
homer,1,
homer,5,
homer,8,
homer,11,
homer,2,
homer,10,
homer,20,
homer,2,
AkhR,7,
AkhR,11,
Tsp,1,
Tsp,42,
Tsp,2,
Tsp,5,
Tsp,2,
Tsp,2,
Tsp,5,
Tsp,12,
Tsp,13,
Tsp,9,
Tsp,5,
Tsp,12,
Tsp,12,
Tsp,5,
Tsp,1,
Tsp,8,
Tsp,2,
Tsp,2,
Tsp,1,
Tsp,14,
Tsp,8,
Tsp,17,
Tsp,10,
Tsp,15,
Tsp,33,
Tsp,11,
Tsp,9,
Tsp,26,
CG11327,2,
CG11327,7,
CG11327,2,
CG11327,4,
CG11327,27,
CG11327,5,
CG11327,4,
CG11327,15,
CG11327,5,
CG11327,1,
CG11327,5,
CG11327,3,
CG11327,5,
CG11327,3,
CG11327,2,
CG11327,12,
CG11327,8,
CG11327,3,
CG11327,8,
CG11327,10,
CG11327,16,
CG11327,13,
CG11327,1,
CG11327,5,
CG11327,9,
CG11327,6,
CG11327,10,
CG11327,2,
CG11327,5,
CG11327,11,
CG11327,9,
CG11327,4,
CG11327,6,
CG11327,12,
CG11327,6,
CG11327,9,
CG11327,2,
CG11327,2,
CG11327,2,
CG11327,2,
CG11327,15,
CG11327,2,
CG11327,2,
CG11327,2,
CG11327,10,
CG11327,6,
CG11327,17,
CG11327,18,
CG11327,10,
CG11327,5,
CG11327,2,
Nhe3,1,
CG11334,1,
CG11334,1,
CG11334,12,
CG11337,2,
CG11337,9,
CG11337,17,
CG11340,4,
CG11340,5,
CG11345,4,
CG11345,7,
DOR,6,
DOR,5,
DOR,5,
CG11349,10,
CG11349,4,
CG11349,5,
CG11349,4,
Rcd5,1,
Rcd5,1,
Rcd5,2,
Rcd5,33,
Rcd5,86,
Rcd5,17,
Rcd5,6,
Rcd5,3,
Rcd5,31,
Rcd5,3,
Rcd5,34,
Rcd5,5,
Rcd5,7,
Rcd5,6,
Rcd5,8,
Rcd5,7,
Rcd5,1,
Rcd5,3,
Rcd5,2,
Rcd5,13,
Rcd5,11,
Rcd5,14,
Rcd5,5,
Rcd5,3,
Rcd5,8,
Rcd5,24,
Rcd5,6,
Rcd5,16,
Rcd5,9,
Rcd5,5,
Rcd5,30,
Rcd5,2,
Rcd5,6,
Rcd5,9,
Rcd5,2,
Rcd5,11,
Rcd5,3,
Rcd5,6,
Rcd5,8,
Rcd5,28,
CG11350,4,
CG11350,4,
CG11350,3,
CG11350,1,
CG11350,6,
CG11350,5,
CG11350,26,
CG11350,8,
CG11350,5,
CG11350,1,
CG11350,4,
jim,10,
Lim1,1,
Lim1,5,
Lim1,2,
Lim1,2,
Lim1,7,
Lim1,6,
Lim1,17,
Lim1,32,
Lim1,4,
Lim1,1,
Lim1,4,
Lim1,1,
Lim1,1,
Lim1,1,
Lim1,4,
Lim1,3,
CG1137,5,
CG1137,5,
CG1137,1,
dbr,1,
CG11379,1,
CG1138,1,
CG1138,1,
CG11380,7,
CG11380,1,
CG11380,1,
CG11380,1,
CG11380,3,
CG11380,4,
CG11380,1,
CG11380,4,
CG11380,3,
CG11380,4,
CG11380,3,
CG11380,1,
CG11380,1,
CG11380,2,
CG11380,1,
CG11380,2,
CG11380,1,
CG11380,3,
CG11380,1,
CG11380,35,
CG11380,1,
CG11380,1,
CG11380,1,
CG11380,1,
CG11380,2,
CG11380,12,
CG11380,63,
CG11380,3,
CG11380,1,
CG11381,11,
CG11382,1,
CG11382,1,
CG11382,1,
PebIII,2,
PebIII,1,
PebIII,1,
PebIII,6,
PebIII,4,
PebIII,6,
PebIII,6,
CG11391,35,
glu,8,
glu,1,
SCOT,14,
CG11412,1,
uri,3,
uri,14,
APC10,1,
CG1142,2,
CG1142,1,
png,4,
png,5,
rb,1,
rb,3,
rb,2,
rb,3,
rb,6,
rb,1,
rb,1,
rb,2,
rb,1,
rb,1,
rb,2,
rb,1,
rb,5,
rb,2,
rb,1,
rb,1,
olf186-F,1,
CG11436,1,
CG11444,1,
CG11448,3,
CG11448,1,
CG11449,3,
CG11449,1,
CG11449,5,
CG11449,3,
CG11449,1,
CG11449,5,
CG11449,3,
CG11449,3,
CG11449,1,
CG11449,4,
CG11449,3,
CG11454,2,
CG11454,2,
CG11454,3,
CG11454,2,
CG11455,2,
CG11455,1,
Cyp9f2,2,
Cyp9f2,1,
Cyp9f2,2,
Cyp9f2,2,
Cyp9f2,8,
Cyp9f2,3,
Cyp9f2,9,
Cyp9f2,1,
Cyp9f2,6,
Cyp9f2,1,
Cyp9f2,1,
Cyp9f2,2,
Cyp9f2,5,
Cyp9f2,1,
Cyp9f2,3,
Cyp9f2,1,
Cyp9f2,3,
Cyp9f2,1,
Mlh1,4,
Mlh1,1,
CG11486,4,
CG11486,1,
CG11486,1,
CG11486,1,
CG11486,1,
CG11486,2,
CG11486,2,
CG11486,2,
CG11486,2,
CG11486,1,
CG11486,2,
CG11486,2,
CG11486,1,
CG11486,1,
CG11486,5,
CG11486,5,
CG11486,1,
CG11486,1,
CG11486,3,
CG11486,3,
CG11486,5,
CG11486,8,
CG11486,2,
CG11486,1,
CG11486,4,
CG11486,4,
CG11486,10,
CG11486,4,
CG11486,1,
CG11486,2,
srpk79D,2,
srpk79D,1,
srpk79D,1,
srpk79D,9,
srpk79D,3,
srpk79D,4,
srpk79D,1,
srpk79D,1,
srpk79D,4,
srpk79D,6,
srpk79D,3,
srpk79D,1,
srpk79D,1,
srpk79D,1,
srpk79D,2,
srpk79D,14,
srpk79D,1,
srpk79D,3,
srpk79D,1,
srpk79D,1,
srpk79D,1,
srpk79D,1,
srpk79D,2,
srpk79D,1,
srpk79D,4,
srpk79D,2,
srpk79D,1,
srpk79D,5,
srpk79D,4,
srpk79D,1,
br,9,
br,5,
br,2,
br,1,
br,2,
br,9,
br,2,
br,1,
BtbVII,3,
rasp,2,
CG11498,1,
Diedel,3,
CG11504,5,
CG11504,2,
CG11505,1,
CG11505,1,
CG11505,2,
CG11505,5,
CG11505,4,
CG11505,1,
CG11505,2,
CG11505,4,
CG11505,1,
CG11505,1,
CG11505,20,
CG11505,1,
CG11505,1,
CG11505,38,
CG11505,3,
CG11505,3,
CG11505,1,
CG11505,1,
CG11505,3,
Osi6,1,
Osi6,2,
Gld,4,
Gld,2,
Gld,1,
RpL6,1,
RpL6,1,
RpL6,4,
RpL6,1,
CG11523,8,
CG11523,1,
CG11523,7,
CG11523,2,
CG11523,2,
CycG,2,
CycG,1,
CycG,1,
CycG,1,
CycG,4,
CycG,1,
CycG,16,
CycG,1,
CycG,1,
CycG,3,
CycG,2,
CycG,1,
CycG,1,
CycG,2,
CycG,8,
CycG,10,
CycG,11,
CycG,2,
CycG,2,
CycG,1,
CycG,6,
CycG,3,
CG11526,1,
Asator,1,
CG11534,3,
CG11539,1,
CG11539,1,
CG11539,5,
CG11539,9,
CG11539,1,
CG11539,3,
CG11539,3,
CG11539,5,
CG11539,2,
CG11539,2,
kermit,1,
kermit,1,
kermit,1,
kermit,2,
kermit,2,
kermit,1,
kermit,1,
kermit,1,
kermit,1,
kermit,7,
kermit,1,
kermit,2,
kermit,4,
CG11555,1,
CG11560,1,
CG11560,3,
smo,1,
smo,1,
Cpr,3,
Osi15,2,
Osi15,10,
Osi15,4,
CG11570,8,
CG11570,1,
CG11570,1,
CG11570,8,
arm,3,
arm,1,
arm,1,
arm,5,
arm,18,
arm,2,
arm,1,
arm,1,
CG11581,4,
CG11581,5,
CG11581,20,
CG11581,1,
CG11581,4,
CG11581,4,
CG11581,3,
CG11581,1,
CG11581,2,
CG11581,5,
CG11581,2,
CG11581,3,
CG11581,2,
CG11581,8,
CG11581,7,
CG11581,6,
CG11581,6,
CG11581,1,
CG11581,1,
CG11581,2,
CG11581,1,
CG11581,1,
CG11581,2,
CG11586,1,
CG11586,3,
CG11586,1,
CG11586,3,
CG11586,2,
CG11586,6,
CG11586,3,
CG11590,1,
Dpy-30L2,12,
Dpy-30L2,12,
Dpy-30L2,1,
Dpy-30L2,1,
Dpy-30L2,5,
Dpy-30L2,6,
Dpy-30L2,1,
CG11596,1,
CG11596,3,
CG11601,2,
H2.0,1,
H2.0,2,
H2.0,2,
H2.0,1,
H2.0,5,
H2.0,6,
H2.0,1,
H2.0,1,
H2.0,1,
H2.0,1,
H2.0,4,
H2.0,1,
H2.0,2,
H2.0,5,
H2.0,3,
H2.0,2,
H2.0,2,
H2.0,6,
H2.0,1,
H2.0,1,
H2.0,2,
H2.0,5,
nkd,5,
nkd,4,
nkd,7,
Rlip,4,
Rlip,1,
Rlip,4,
Rlip,1,
Rlip,2,
Rlip,1,
Rlip,4,
Rlip,1,
Ubi-p63E,2,
Ubi-p63E,6,
Ubi-p63E,2,
Ubi-p63E,7,
step,12,
step,3,
step,4,
step,1,
step,1,
step,7,
step,1,
step,1,
step,1,
RpII18,2,
CG11635,4,
CG11635,3,
CG11635,3,
CG11635,1,
CG11635,2,
CG11635,1,
CG11635,1,
CG11635,4,
CG11635,5,
CG11635,1,
CG11635,1,
CG11635,21,
CG11635,5,
CG11635,1,
CG11635,1,
CG11635,2,
TRAM,5,
TRAM,7,
TRAM,1,
TRAM,1,
TRAM,9,
TRAM,6,
TRAM,2,
Abd-B,3,
Abd-B,7,
Abd-B,2,
Abd-B,3,
Abd-B,4,
Abd-B,12,
Abd-B,2,
Lcp1,1,
Lcp1,4,
Lcp1,1,
Lcp1,4,
Lcp1,1,
CG11652,2,
Ahcy13,1,
Ahcy13,1,
CG11656,11,
CG11656,1,
CG11656,1,
CG11656,1,
CG11656,4,
CG11656,2,
CG11656,2,
CG11656,25,
CG11656,6,
CG11656,5,
CG11656,1,
CG11656,3,
CG11656,2,
CG11656,4.00,
CG11656,2,
CG11656,6,
CG11656,4,
CG11656,1,
CG11656,1,
CG11656,1,
CG11656,3,
CG11656,3,
CG11656,1,
CG11656,3,
CG11656,1,
CG11656,1,
CG11656,1,
CG11658,5,
CG11658,2,
Nc73EF,2,
Nc73EF,2,
CG11672,3,
CG11672,7,
CG11672,2,
CG11672,1,
CG11672,4,
CG11672,2,
CG11672,1,
CG11672,7,
CG11672,1,
CG11672,1,
CG11672,2,
CG11672,1,
CG11672,8,
CG11672,4,
CG11672,4,
CG11672,15,
CG11672,1,
CG11672,2,
CG11672,7,
CG11672,4,
CG11672,1,
CG11672,1,
CG11674,9,
CG11674,6,
Arp6,2,
Arp6,1,
Arp6,3,
Arp6,8,
Arp6,1,
Arp6,3,
Arp6,1,
Arp6,1,
Arp6,3,
Arp6,3,
Arp6,3,
Arp6,5,
Arp6,2,
Arp6,7,
Arp6,3,
Arp6,2,
Arp6,3,
Arp6,2,
CG11679,2,
7B2,1,
7B2,24,
7B2,2,
7B2,1,
7B2,2,
7B2,3,
7B2,3,
7B2,1,
7B2,5,
mle,9,
mle,1,
mle,2,
mle,3,
CG11693,6,
CG11693,3,
CG11695,29,
CG11695,4,
CG11696,3,
CG11696,1,
CG11696,1,
CG11698,1,
CG11698,7,
CG11699,3,
Mob2,41,
Mob2,1,
Mob2,2,
Mob2,1,
Mob2,2,
Mob2,2,
Mob2,1,
Mob2,1,
Mob2,4,
Mob2,2,
Mob2,1,
Mob2,2,
Mob2,3,
Mob2,3,
Mob2,1,
Mob2,3,
Mob2,1,
Mob2,1,
Mob2,1,
Mob2,1,
Mob2,2,
CG45263,1,
CG11722,1,
CG11723,1,
CG11723,2,
CG11723,1,
l(1)G0004,1,
l(1)G0004,4,
l(1)G0004,2,
l(1)G0004,2,
l(1)G0004,1,
CG11739,1,
CG11753,1,
CG11753,5,
CG11756,7,
Kap3,1,
Kap3,1,
CG11760,2,
CG11760,2,
trsn,1,
trsn,1,
trsn,1,
trsn,2,
trsn,4,
RanBPM,5,
RanBPM,1,
RanBPM,1,
RanBPM,10,
RanBPM,2,
CG11768,1,
CG11768,4,
CG11768,1,
lin,3,
CG11771,8,
CG11771,7,
CG11771,1,
Ir85a,3,
CG11777,4,
Hr96,1,
Hr96,5,
Hr96,3,
Hr96,2,
CG11791,1,
Sod,2,
Sod,1,
chn,2,
chn,3,
chn,2,
chn,4,
chn,1,
chn,2,
chn,1,
fd68A,1,
fd68A,5,
fd68A,3,
fd68A,2,
CG11802,4,
CG11802,1,
ced-6,2,
CG11807,1,
CG11815,3,
Unc-13-4B,1,
PQBP1,6,
Cyp12a5,1,
Ssl2,1,
Ssl2,2,
Ssl2,1,
CG11842,1,
vig2,4,
vig2,2,
Clbn,4,
Clbn,2,
Nup358,2,
CG43143,3,
CG43143,2,
CG43143,1,
CG43143,1,
CG43143,2,
CG43143,1,
CG43143,1,
CG43143,3,
CG43143,19,
CG11876,7,
CG11876,3,
CG11876,2,
CG11876,2,
CG11876,5,
CG11876,1,
CG11876,3,
CG11876,9,
CG11876,2,
CG11878,1,
CG11878,2,
CG11880,2,
CG11880,3,
CG11880,8,
dgt6,2,
dgt6,1,
dgt6,1,
dgt6,1,
dgt6,5,
dgt6,3,
dgt6,5,
dgt6,21,
dgt6,1,
dgt6,2,
dgt6,2,
dgt6,1,
dgt6,3,
dgt6,3,
dgt6,1,
dgt6,141,
dgt6,7,
dgt6,1,
dgt6,1,
dgt6,5,
CG11883,1,
CG11883,1,
CG11885,10,
CG11885,7,
Elp2,2,
Rpn2,1,
Rpn2,3,
CG11892,5,
CG11893,2,
CG11893,1,
m-cup,3,
m-cup,1,
m-cup,4,
m-cup,4,
m-cup,12,
m-cup,1,
m-cup,1,
CG11899,7,
CG11899,1,
CG11899,5,
Ef1gamma,1,
Ef1gamma,1,
Ef1gamma,4,
Ef1gamma,2,
Ef1gamma,9,
Ef1gamma,3,
Ef1gamma,2,
Ef1gamma,1,
Ef1gamma,2,
Ef1gamma,1,
Ef1gamma,22,
Ef1gamma,3,
Ef1gamma,9,
Ef1gamma,1,
Ef1gamma,9,
Ef1gamma,7,
Ef1gamma,2,
CG11902,1,
CG11905,2,
CG11905,1,
CG11905,1,
CG11905,1,
CG11905,5,
CG11905,1,
CG11906,3,
CG11906,1,
tobi,6,
tobi,3,
CG11911,1,
CG11911,3,
Cf2,11,
Cf2,3,
CG11929,1,
kat-60L1,2,
skpC,1,
skpC,2,
skpC,1,
SP1029,1,
Cnx99A,1,
CG11961,1,
CG11961,9,
CG11961,2,
CG11964,1,
CG11964,4,
CG11964,2,
E(var)3-9,2,
E(var)3-9,5,
Prosbeta3,1,
Prosbeta3,1,
Prosbeta3,1,
Prosbeta3,1,
Prosbeta3,1,
Prosbeta3,2,
Prosbeta3,3,
Prosbeta3,8,
Prosbeta3,4,
Prosbeta3,1,
Prosbeta3,1,
Prosbeta3,1,
CG11984,7,
CG11984,1,
CG11984,1,
CG11984,1,
CG11984,1,
CG11984,3,
CG11985,1,
CG11985,1,
CG11985,1,
tgo,1,
tgo,5,
neur,3,
hyx,1,
Aplip1,1,
Prosbeta7,1,
Prosbeta7,4,
spartin,1,
spartin,13,
CG12004,1,
CG12007,4,
CG12010,1,
CG12010,6,
CG12010,1,
CG12010,2,
CG12010,2,
CG12010,3,
CG12010,1,
CG12010,2,
CG12010,2,
CG12010,2,
CG12011,3,
PHGPx,3,
CG12018,4,
CG12018,1,
CG12018,4,
Cdc37,1,
Cdc37,5,
CG12020,5,
CG12020,4,
CG12020,1,
CG12020,4,
CG12020,1,
Patj,2,
Patj,3,
Patj,6,
CG12025,3,
CG12025,5,
CG12025,2,
Cpr100A,1,
Cpr100A,1,
Cpr100A,8,
Cpr100A,2,
Cpr100A,1,
Cpr100A,1,
Cpr100A,1,
Act42A,1,
Act42A,2,
lola,1,
lola,5,
lola,1,
lola,1,
lola,2,
lola,1,
lola,4,
lola,9,
lola,1,
lola,2,
lola,3,
lola,2,
lola,2,
lola,2,
lola,3,
lola,1,
lola,1,
lola,1,
lola,4,
lola,1,
Gapdh1,4,
Gapdh1,2,
Gapdh1,2,
mey,1,
CG12065,1,
Sap-r,5,
Sap-r,1,
Sap-r,2,
Sap-r,2,
Sap-r,5,
wts,3,
wts,3,
CG12075,1,
CG12075,9,
NDUFS3,2,
NDUFS3,1,
CG12081,2,
CG12081,4,
CG12081,1,
CG12081,1,
CG12081,1,
CG12081,1,
CG12084,6,
pUf68,1,
pUf68,1,
pUf68,3,
pUf68,4,
pUf68,1,
pUf68,1,
pUf68,2,
pUf68,1,
pUf68,14,
pUf68,5,
pUf68,1,
pUf68,1,
pUf68,12,
pUf68,1,
pUf68,2,
pUf68,2,
pUf68,1,
pUf68,2,
pUf68,1,
pUf68,2,
pUf68,2,
pUf68,1,
pUf68,1,
pUf68,4,
pUf68,1,
pUf68,1,
CG12091,1,
Npc1b,2,
Npc1b,1,
Npc1b,2,
Npc1b,6,
Pdk1,1,
Pdk1,1,
Pdk1,1,
Pdk1,2,
Hsp60,4,
Hsp60,1,
CG12106,1,
CG12107,2,
CG12107,6,
CG12107,3,
Caf1-180,2,
spn-F,12,
spn-F,2,
spn-F,1,
spn-F,2,
spn-F,1,
spn-F,1,
spn-F,2,
spn-F,1,
CG12116,2,
CG12116,2,
CG12116,2,
CG12116,1,
p130CAS,2,
p130CAS,10,
p130CAS,1,
p130CAS,3,
p130CAS,1,
p130CAS,1,
p130CAS,1,
p130CAS,2,
mxc,2,
mxc,4,
mxc,1,
mxc,1,
mxc,1,
mxc,1,
mxc,5,
mxc,1,
mxc,1,
mxc,2,
CG12125,14,
CG12126,1,
CG12126,2,
CG12126,2,
CG12126,3,
CG12126,2,
CG12129,1,
Adam,3,
Adam,2,
Adam,3,
CG12134,1,
c12.1,2,
Aats-lys,1,
Aats-lys,2,
Tsp42Eg,8,
Tsp42Eg,1,
Pdp,1,
oc,1,
oc,1,
oc,4,
oc,1,
CG12155,1,
CG12155,1,
CG12155,1,
CG12155,2,
CG12155,1,
CG12155,2,
CG12155,1,
CG12155,2,
Tom40,2,
mri,7,
mri,1,
mri,1,
mri,1,
mri,1,
mri,9,
mri,1,
mri,1,
mri,3,
mri,2,
mri,2,
mri,2,
mri,8,
mri,1,
mri,2,
mri,1,
mri,2,
mri,2,
mri,3,
mri,1,
mri,1,
CG12162,1,
Incenp,1,
tth,1,
tth,1,
tth,1,
tth,3,
tth,1,
tth,1,
tth,9,
tth,2,
tth,4,
tth,1,
tth,1,
tth,15,
tth,5,
CG12179,1,
CG12179,2,
CG12179,3,
CG12179,1,
CG1218,1,
CG12182,3,
Klp59D,1,
kek5,1,
CG12200,1,
CG12200,2,
CG12200,4,
CG12200,3,
CG12200,5,
Nat1,2,
Bsg25A,4,
CG12206,2,
CG12206,1,
peb,1,
peb,2,
peb,3,
peb,1,
peb,3,
peb,1,
PpV,3,
mRpL32,1,
Dsp1,1,
Dsp1,3,
Dsp1,3,
Dsp1,1,
skpF,1,
CG12229,7,
CG12231,1,
l(1)G0156,2,
l(1)G0156,2,
l(1)G0156,2,
Ranbp21,3,
Arp10,1,
Arp10,1,
Arp10,1,
Arp10,4,
Arp10,3,
CG12237,2,
lic,1,
lic,1,
lic,3,
gcm,1,
Su(var)3-9,1,
Su(var)3-9,1,
Su(var)3-9,1,
Su(var)3-9,1,
Su(var)3-9,2,
Su(var)3-9,2,
Su(var)3-9,3,
Su(var)3-9,2,
Su(var)3-9,4,
Su(var)3-9,1,
Su(var)3-9,2,
Su(var)3-9,1,
Su(var)3-9,1,
Su(var)3-9,2,
Su(var)3-9,3,
Su(var)3-9,3,
Su(var)3-9,2,
Su(var)3-9,13,
CG12262,2,
Det,1,
Det,2,
CG12272,3,
CG12272,2,
CG12272,1,
CG12272,6,
CG12272,2,
angel,1,
Ptpmeg,1,
th,1,
th,5,
th,3,
th,1,
Fadd,1,
sub,1,
sub,1,
CG12299,2,
CG12299,6,
CG12299,1,
CG12301,4,
CG12304,2,
polo,4,
polo,1,
polo,3,
polo,2,
polo,1,
polo,1,
CG12316,2,
CG12321,1,
Prosbeta5,1,
Prosbeta5,1,
Prosbeta5,1,
RpS15Ab,1,
CG1234,2,
wde,3,
Sh,3,
Sh,3,
Cbp20,1,
Ulp1,1,
Ulp1,1,
CG12360,1,
Dbx,1,
Dbx,1,
CG12362,1,
CG12362,1,
CG12362,1,
CG12362,1,
CG12362,1,
Dlc90F,3,
Dlc90F,3,
Dlc90F,2,
Dlc90F,6,
Dlc90F,10,
Dlc90F,1,
Dlc90F,5,
Dlc90F,5,
Dlc90F,21,
Dlc90F,2,
Dlc90F,11,
Dlc90F,2,
Dlc90F,11,
Dlc90F,1,
Dlc90F,11,
Dlc90F,2,
O-fut1,1,
spt4,2,
mRpL18,19,
CG12374,3,
CG12375,2,
CG12379,1,
CG12379,19,
CG12379,12,
CG12379,1,
CG12379,1,
etaTry,2,
Fpps,4,
CG12393,3,
CG12393,13,
CG12393,3,
CG12393,6,
CG12393,9,
Nnp-1,5,
Mad,5,
Mad,8,
Mad,3,
Mad,5,
Mad,5,
Mad,3,
Mad,1,
Mad,4,
Non2,1,
CG12400,1,
CG12400,1,
Vha68-1,2,
Vha68-1,4,
CG12404,9,
CG12404,4,
CG12404,2,
CG12404,2,
CG12404,2,
cv,1,
cv,1,
Hsp83,1,
Hsp83,16,
Hsp83,3,
Hsp83,1,
Hsp83,2,
Hsp83,3,
Hsp83,1,
Hsp83,1,
Hsp83,6,
Hsp83,2,
Hsp83,6,
Hsp83,4,
Hsp83,1,
Hsp83,1,
Hsp83,1,
Hsp83,4,
Hsp83,2,
Hsp83,4,
Hsp83,1,
CG12428,1,
CG12428,2,
CG12428,2,
CG12428,1,
CG12428,3,
CG43658,1,
CG43658,1,
CG43658,1,
CG43658,1,
CG43658,3,
CG43658,2,
CG43658,1,
CG43658,3,
CG43658,1,
CG43658,8,
CG43658,1,
CG43996,2,
CG43996,1,
CG43996,1,
CG43996,2,
CG43996,1,
CG43996,6,
CG43996,1,
raw,2,
raw,2,
raw,1,
MEP-1,1,
MEP-1,1,
MEP-1,2,
CG12446,5,
CG12470,1,
CG12470,1,
CG12470,1,
CG12470,1,
CG12470,1,
CG12470,1,
CG12470,1,
CG12470,6,
CG12470,1,
CG12470,1,
CG12470,1,
CG12470,1,
CG12470,1,
CG12470,1,
CG12470,4,
CG12470,10,
CG12470,4,
CG12470,2,
CG12470,3,
CG12470,1,
CG12470,1,
CG12470,2,
CG12470,2,
CG12470,1,
CG12470,6,
CG12470,1,
CG12470,4,
CG12470,2,
CG12470,1,
CG12470,1,
CG12470,2,
CG12470,1,
CG12470,1,
CG12470,1,
CG12470,7,
CG12470,1,
CG12470,1,
CG12470,2,
CG12470,4,
CG12470,1,
CG12470,2,
CG12470,1,
CG12470,2,
CG12470,1,
CG12470,4,
CG12470,1,
CG12470,1,
CG12470,2,
CG12470,1,
CG12470,1,
CG12470,2,
CG12470,4,
CG12470,6,
CG12470,1,
CG12470,1,
CG12470,4,
CG12470,7,
CG12470,4,
CG12470,1,
CG12470,1,
CG12470,2,
CG12470,2,
CG12470,1,
CG12470,2,
CG12470,1,
CG12470,1,
CG12470,1,
CG12470,1,
CG12470,4,
CG12470,6,
CG12470,1,
CG12470,1,
CG12470,1,
CG12470,1,
CG12470,1,
CG12470,1,
CG12470,1,
CG12470,4,
CG12470,5,
CG12470,2,
CG12470,1,
CG12470,3,
CG12470,4,
CG12470,1,
CG12470,1,
CG12470,1,
CG12470,1,
CG12470,1,
CG12470,1,
CG12470,3,
CG12470,1,
CG12470,1,
CG12470,3,
CG12470,2,
CG12470,7,
CG12470,1,
CG12470,1,
CG12470,5,
CG12470,1,
CG12470,2,
CG12470,1,
CG12470,2,
CG12470,3,
CG12470,2,
CG12470,1,
CG12470,1,
CG12470,1,
CG12470,1,
pHCl,1,
pHCl,1,
SmD2,4,
CG12491,2,
CG12491,2,
CG12491,3,
CG12491,2,
CG12491,1,
CG12491,1,
CG34355,5,
CG34355,3,
CG12496,1,
CG12496,1,
CG12496,1,
CG12496,1,
CG12496,11,
CG12496,1,
CG12496,1,
CG12496,1,
CG12496,1,
CG12496,5,
CG12496,1,
CG12496,4,
CG12496,2,
CG12496,5,
CG12496,3,
CG12496,3,
CG12496,3,
CG12496,2,
CG12496,1,
CG12496,2,
CG12496,1,
CG12496,1,
CG12496,1,
CG12496,1,
Sec23,1,
Sec23,1,
Sec23,4,
Sec23,3,
Sec23,1,
CG12521,1,
CG12521,1,
CG12521,1,
CG12521,1,
CG12521,1,
CG12521,2,
CG12521,1,
AP-1-2beta,1,
AP-1-2beta,1,
AP-1-2beta,1,
AP-1-2beta,3,
Alr,4,
Alr,1,
CG12540,5,
nompB,1,
nompB,1,
nompB,5,
nompB,5,
nompB,1,
nompB,3,
nompB,2,
nompB,1,
nompB,3,
nompB,2,
nompB,2,
intr,1,
intr,1,
rl,7,
CG12576,1,
CG12576,3,
CG12576,1,
CG12576,2,
CG12576,1,
CG12581,3,
CG12581,1,
CG12581,15,
CG12582,7,
CG12589,5,
CG12589,1,
CG12589,3,
CG12589,1,
CG12589,1,
CG12589,1,
Cpr64Ad,1,
Cpr64Ad,2,
Cpr64Ad,1,
Cpr64Ad,1,
Cpr64Ad,1,
Cpr64Ad,1,
Cpr64Ad,4,
Cpr64Ad,1,
Cpr64Ad,1,
Cpr64Ad,2,
Cpr64Ad,1,
Cpr64Ad,1,
Cpr64Ad,1,
Cpr64Ad,12,
Cpr64Ad,9,
Cpr64Ad,2,
Cpr64Ad,6,
Cpr64Ad,2,
Cpr64Ad,2,
Cpr64Ad,2,
Cpr64Ad,1,
Cpr64Ad,3,
Cpr64Ad,1,
CG12607,1,
CG12607,5,
CG12607,2,
CG12607,1,
CG12607,2,
CG12607,4,
CG12607,3,
Acp62F,10,
Acp62F,3,
Acp62F,5,
Acp62F,1,
Acp62F,3,
CG12620,3,
CG12620,1,
CG12620,4,
CG12620,1,
RpL8,3,
RpL8,1,
RpL8,1,
RpL8,1,
RpL8,6,
RpL8,2,
fd3F,2,
CG43740,1,
CG43740,1,
CG43740,1,
CG12645,2,
CG12645,5,
CG12645,1,
CG12645,1,
CG12645,1,
CG12645,1,
CG12645,3,
CG12645,1,
CG12645,2,
CG12645,2,
CG12645,11,
CG12645,4,
CG12645,1,
CG12645,1,
CG12645,4,
CG12655,1,
CG12655,2,
CG12661,3,
CG12661,2,
CG12661,4,
CG12661,2,
CG12661,5,
CG12661,2,
fend,1,
fend,3,
fend,2,
CG12672,2,
olf413,7,
ed,3,
ed,2,
ed,1,
CG12679,4,
CG12679,3,
CG12679,1,
CG12679,4,
CG12679,3,
CG12679,1,
CG12679,1,
CG12679,1,
CG12679,4,
CG12679,1,
CG12679,4,
VhaM9.7-a,1,
VhaM9.7-a,2,
CG12680,3,
CG12680,2,
CG12681,2,
CG12684,1,
CG12692,3,
vfl,3,
vfl,2,
vfl,1,
vfl,2,
vfl,2,
vfl,3,
Pmp70,1,
Pmp70,3,
Pmp70,2,
Pmp70,6,
Pmp70,4,
Pmp70,1,
Pmp70,4,
Pmp70,1,
CG12708,1,
CG12708,1,
CG12708,1,
CG12708,2,
CG12708,5,
CG12708,4,
CG12708,2,
CG1271,1,
CG12721,4,
CG12721,6,
CG12721,1,
CG12721,1,
CG12721,1,
CG12721,1,
CG12721,2,
CG12721,1,
CG12721,1,
CG12723,1,
CG12723,3,
CG12723,2,
CG12725,2,
CG12725,2,
CG12725,1,
CG12725,2,
CG12725,3,
CG12725,1,
CG12725,3,
CG12725,1,
CG12725,1,
CG12725,1,
CG34324,1,
CG34324,1,
CG12729,1,
CG1273,1,
CG12730,1,
CG12736,2,
CG12736,1,
Jafrac2,1,
RpL28,1,
RpL28,1,
CG12744,2,
CG12744,2,
Hrb87F,2,
Hrb87F,1,
ncm,1,
ncm,2,
Eaf6,1,
Eaf6,2,
sano,1,
CG12766,1,
CG12766,1,
CG12766,2,
CG12766,2,
CG12766,1,
Dip3,1,
Dip3,1,
Dip3,1,
Dip3,2,
Dip3,1,
Dip3,1,
CG12768,1,
CG12768,1,
CG12768,4,
CG12768,1,
CG12768,1,
CG12768,1,
RpL21,2,
RpL21,1,
RpL21,1,
RpL21,1,
RpL21,1,
RpL21,1,
RpL21,1,
RpL21,1,
CG12784,1,
hoe1,1,
hoe1,3,
hoe1,1,
hoe1,1,
hoe1,2,
santa-maria,1,
lcs,1,
lcs,1,
lcs,1,
lcs,1,
Ubc84D,2,
Ubc84D,21,
CG12811,1,
CG12811,1,
CG12811,1,
CG12811,2,
CG12811,1,
CG12811,1,
CG12811,1,
CG12811,1,
Fancl,1,
Fancl,1,
Fancl,1,
Npc2d,1,
sle,1,
sle,1,
esn,1,
esn,11,
esn,10,
esn,16,
esn,15,
esn,2,
esn,1,
esn,1,
esn,1,
esn,2,
esn,1,
esn,1,
esn,1,
esn,2,
esn,1,
esn,1,
esn,1,
esn,2,
esn,1,
esn,8,
esn,1,
esn,1,
esn,1,
esn,1,
Tsp42El,1,
Tsp42Ef,1,
CG12857,1,
CG12857,2,
CG12857,2,
CG12857,1,
CG12857,1,
CG12857,1,
CG12857,1,
CG12857,4,
CG12857,1,
CG12857,1,
CG12857,1,
CG12857,1,
CG12857,2,
CG12857,1,
CG12857,1,
CG12860,1,
CG12861,1,
CG12861,2,
CG12861,1,
CG12862,2,
CG12863,2,
CG12863,1,
CG12868,2,
CG34362,2,
ALiX,1,
ALiX,5,
ALiX,2,
CG12877,1,
CG12877,1,
CG12877,1,
CG12877,5,
CG12877,1,
CG12877,1,
whd,1,
whd,3,
whd,1,
whd,1,
whd,1,
Caf1-105,1,
CG12907,1,
CG12907,1,
CG12907,2,
Ndg,1,
Ndg,2,
CG12914,1,
egr,1,
brp,1,
brp,1,
brp,3,
brp,2,
brp,5,
brp,2,
brp,1,
brp,1,
brp,1,
brp,1,
brp,1,
brp,2,
brp,1,
brp,2,
brp,1,
brp,4,
brp,1,
brp,3,
CG12934,5,
CG12934,1,
CG12942,1,
CG12942,12,
CG12942,1,
sage,1,
ebd2,1,
ebd2,2,
ebd2,4,
CG12975,8,
CG12975,8,
kune,1,
CG12985,1,
CG12985,1,
CG12985,1,
CG12985,1,
CG12985,1,
CG12985,1,
CG12985,1,
CG12985,1,
CG12985,1,
CG12985,1,
CG12985,1,
CG12985,1,
CG12985,1,
CG12985,1,
CG12985,1,
CG12985,1,
CG12985,1,
CG12985,1,
CG12985,1,
CG12985,1,
CG12985,1,
CG12985,1,
CG12985,1,
CG12985,1,
CG12985,1,
CG12985,1,
CG12985,1,
CG12985,4,
CG12985,2,
CG12985,1,
CG12985,1,
CG12985,4,
CG12985,2,
CG12985,1,
CG12992,1,
CG12992,3,
CG12992,1,
CG12992,4,
CG12992,3,
CG12992,1,
CG12992,1,
CG12992,1,
CG12992,1,
CG12992,3,
CG12992,1,
CG12995,1,
CG12995,1,
CG12995,1,
CG13001,1,
CG13001,1,
CG13001,1,
CG13001,1,
CG13001,3,
CG13005,1,
CG13005,3,
CG13005,2,
CG13005,4,
CG13005,1,
CG13005,3,
CG13005,3,
CG13022,2,
CG13022,2,
CG13022,1,
CG13022,1,
CG13022,1,
CG13022,3,
CG13022,2,
CG13022,5,
CG13022,2,
CG13022,3,
CG13022,1,
CG13022,1,
CG13022,1,
CG13022,6,
CG13022,1,
CG13022,1,
CG13029,10,
sinah,4,
sinah,3,
sinah,1,
sinah,1,
sinah,1,
sinah,1,
sinah,1,
sinah,4,
sinah,1,
sinah,1,
sinah,2,
sinah,1,
sinah,2,
sinah,1,
sinah,1,
sinah,1,
sinah,1,
sinah,1,
sinah,1,
sinah,1,
sinah,1,
sinah,2,
sinah,4,
sinah,1,
sinah,1,
sinah,2,
sinah,2,
sinah,1,
sinah,3,
sinah,5,
sinah,4,
sinah,1,
sinah,1,
sinah,5,
sinah,2,
sinah,1,
sinah,1,
CG13031,1,
CG13031,1,
CG13032,1,
CG13032,1,
CG13032,2,
CG13032,2,
CG13032,1,
CG13032,2,
CG13032,1,
CG13032,1,
CG13032,1,
CG13032,1,
CG13032,2,
CG13032,2,
CG13040,2,
CG13040,2,
CG13040,3,
CG13040,1,
CG13040,1,
CG13041,1,
CG13041,3,
CG13041,1,
CG13041,1,
CG13041,6,
CG13041,1,
CG13043,1,
CG13043,2,
CG13043,1,
CG13043,5,
CG13043,6,
CG13044,1,
CG13044,1,
CG13044,4,
CG13044,2,
CG13044,6,
CG13045,2,
CG13045,4,
CG13045,2,
CG13045,1,
CG13045,3,
CG13045,1,
CG13045,3,
CG13045,1,
CG13045,3,
CG13045,1,
CG13045,1,
CG13045,1,
CG13045,1,
CG13045,1,
CG13045,1,
CG13046,1,
CG13047,1,
CG13047,4,
CG13047,1,
CG13047,6,
CG13047,1,
CG13047,2,
CG13047,3,
CG13047,4,
CG13049,3,
CG13049,1,
CG13049,1,
CG13049,1,
CG13060,3,
CG13063,1,
CG13063,5,
CG13065,2,
CG13066,2,
CG13066,1,
CG13066,1,
CG13066,1,
CG13066,2,
CG13067,1,
CG13067,1,
CG13067,1,
CG13067,1,
CG13067,1,
CG13067,1,
CG13067,1,
CG13067,1,
CG13067,1,
CG13067,1,
CG13067,1,
CG13068,1,
CG1307,1,
CG1307,1,
CG1307,4,
CG1307,1,
CG1307,1,
CG1307,1,
CG1307,2,
CG1307,1,
CG1307,2,
CG1307,1,
CG1307,1,
CG13074,2,
CG13074,1,
CG13074,1,
CG13075,4,
CG13081,1,
CG13083,1,
CG13083,1,
CG13083,1,
CG13083,2,
CG13083,1,
CG13083,1,
CG13083,1,
CG13083,2,
CG13083,1,
CG13083,1,
CG13083,1,
CG13083,5,
CG13083,1,
CG13083,1,
CG13083,2,
CG13083,1,
CG13083,2,
CG13084,2,
CG13084,1,
CG13084,1,
CG13084,1,
CG13084,1,
CG13084,1,
CG13084,1,
CG13084,1,
CG13084,1,
CG13084,2,
CG13084,2,
CG13084,1,
CG13085,1,
CG13085,1,
CG13085,1,
CG13085,1,
CG13085,1,
CG13085,2,
CG1309,1,
CG13090,2,
CG13090,3,
CG13090,1,
CG13090,6,
CG13090,4,
CG13090,1,
CG13090,2,
CG13090,3,
CG13090,1,
CG13090,2,
CG13090,4,
CG13090,5,
CG13090,4,
CG13090,5,
CG13090,5,
CG13090,6,
CG13090,5,
CG13090,5,
CG13090,4,
Bace,5,
Bace,4,
Bace,1,
Bace,1,
CG13097,1,
CG13097,1,
CG13097,11,
CG13097,1,
CG13113,1,
CG13114,1,
CG13114,1,
CG13114,4,
CG13114,5,
CG13114,1,
CG13114,2,
CG13114,2,
CG13114,5,
CG13114,8,
CG13114,1,
CG13114,1,
CG13114,1,
CG13114,2,
CG13114,2,
CG13114,2,
CG13114,2,
CG13114,4,
CG13114,3,
CG13114,1,
CG13114,3,
CG13114,6,
CG13114,3,
CG13114,1,
CG13114,4,
CG13114,1,
CG13114,2,
CG13114,1,
CG13114,3,
CG13124,1,
CG13124,1,
CG13124,1,
CG13124,1,
CG13124,1,
CG13124,2,
CG13124,2,
CG13124,1,
TbCMF46,1,
TbCMF46,3,
CG13131,3,
CG13131,1,
CG13131,1,
CG13131,1,
CG13131,1,
CG13133,1,
CG13133,1,
CG13138,1,
CG13138,1,
CG13138,1,
CG13138,1,
CG13138,1,
CG13138,1,
CG13138,2,
CG13138,3,
CG13138,2,
CG13138,1,
CG13138,3,
CG13138,10,
CG13138,6,
CG13138,2,
CG13138,1,
CG13138,3,
CG13138,1,
CG13138,3,
CG13138,1,
CG13138,5,
lft,5,
lft,1,
lft,1,
lft,3,
lft,4,
CG1314,1,
CG1314,6,
CG1314,1,
CG1314,1,
CG1314,1,
CG1314,1,
CG13142,1,
CG13148,1,
CG13148,1,
CG13148,1,
CG13151,1,
CG13151,1,
CG13155,2,
CG13157,1,
CG13157,1,
CG13157,1,
CG13157,3,
CG13157,2,
CG13157,4,
CG13157,1,
CG13157,1,
CG13157,1,
CG13157,1,
CG13157,1,
CG13159,3,
CG13159,1,
CG13159,1,
CG13159,2,
CG13159,1,
CG13159,1,
CG13159,1,
CG13159,1,
CG13159,1,
CG13159,1,
CG13159,1,
CG13159,1,
CG13159,1,
CG13159,1,
CG13159,1,
CG13159,1,
CG13159,1,
CG13159,1,
CG13159,2,
CG13159,1,
CG13159,1,
CG13159,1,
CG13159,1,
CG13159,1,
CG13159,1,
CG13159,1,
CG13159,1,
CG13159,1,
CG13159,2,
CG13159,1,
CG13159,2,
CG13159,1,
CG13159,1,
CG13159,1,
CG13159,1,
CG13159,1,
SIP2,1,
SIP2,1,
SIP2,1,
CG42700,2,
Vha36-2,1,
Vha36-2,1,
Vha36-2,1,
Vha36-2,1,
CG13168,1,
CG13168,1,
CG13168,1,
CG13168,3,
CG13168,1,
CG1317,2,
wash,2,
CG13186,2,
CG13186,1,
CG13192,6,
pyr,1,
ix,1,
ix,1,
ix,1,
ix,1,
CG13204,1,
CG13204,1,
CG13204,1,
Obp47b,1,
Obp47b,1,
Obp47b,1,
Obp47b,1,
Obp47b,1,
Obp47b,2,
sha,2,
Cpr47Ef,1,
Cpr47Ef,1,
Cpr47Ef,1,
Cpr47Ef,2,
Cpr47Ef,1,
Cpr47Ef,4,
Cpr47Ef,4,
Cpr47Ef,4,
Cpr47Ef,4,
Cpr47Ef,1,
Cpr47Ef,1,
Cpr47Ef,1,
Cpr47Ef,1,
Cpr47Ef,1,
Cpr47Ef,1,
Cpr47Ef,1,
Cpr47Ef,1,
Cpr47Ef,2,
Cpr47Ef,2,
Cpr47Ef,1,
Cpr47Ef,2,
Cpr47Ef,1,
Cpr47Ef,1,
CG13217,1,
zfh1,1,
zfh1,1,
zfh1,1,
zfh1,1,
zfh1,1,
zfh1,1,
zfh1,1,
zfh1,1,
CG13220,1,
CG13220,1,
