,genes,locations
0,GTACTAATTACN_2,[133]
1,AGGCTAATGGAC_3,[781]
2,TAGACAAAAGCT_4,[1704 2123]
3,TCTACTAGTGTN_5,[52 90]
4,CCGTGCTGAACA_3,[1440]
5,GAGAAAATGAAG_7,[2597]
6,GCCTAGTGACGT_4,[258]
7,CAGTATCGAGAN_2,[113]
8,AGATTACCCTTC_6,[1254]
9,AACCCCACGCTC_2,[33]
10,GTACTGCCAGAG_4,[795]
11,CTAATAAATATT_3,[1200 1202 1203]
12,AAAGTCTAAGCG_3,[1152]
13,TTCGTTAAATAA_3,[2797]
14,AAGGAGAGAGTN_2,[186 225]
15,CACAATTGGCGT_7,[2889]
16,CGTGAATTAAGG_4,[1287 2943]
17,GCATCCCCTACA_3,[1183]
18,GGAGCAACTAAN_5,[1111]
19,GGATTGCCCTCG_3,[78]
20,ATCAATCCCATA_3,[1070]
21,GACTGGAACTTC_4,[1363]
22,AATCGCGTCTGT_4,[1441]
23,ACGCCCGACGAN_3,[2649]
24,AATCTTATCCGT_2,[33 73]
25,TGGAAGGACCCC_5,[59]
26,AAGCTATCTCAN_5,[236]
27,GTAATCGTTGTA_4,[1058]
28,CATATAGAGGAC_8,[2718 2755]
29,GGTAGAACGGCA_3,[1190 1225]
30,GGTGCGGGAGGA_3,[957]
31,CAGAATATGCTG_7,[2874]
32,TACCGGATCTCA_3,[975]
33,CCCGTGGGCAGA_3,[2218]
34,CCAATATGCTGA_9,[416]
35,GGAAAATTAATG_10,[420 499]
36,ACGTTATTGGGA_9,[492 493 531]
37,ACCGGTCTCAAA_4,[1176]
38,GGCAAATCTGAA_4,[1401]
39,AATGAGCTAATC_8,[2550]
40,TTATGACGGAAG_8,[2690 2691]
41,AAGAACAAAGTA_3,[1114]
42,CTATCCGGCCAA_4,[1592]
43,CATCTGGAAATA_3,[839]
44,CCGTATACTATC_3,[1106]
45,CGAATGAGTCGN_3,[3007]
46,CAGTATCAGACC_3,[1016]
47,AGTGTAAGTACA_3,[2940]
48,GTCTCCCCACCT_3,[1734 1771]
49,CCCATACTGCGC_3,[1120]
50,TTTTAGTGGCAT_7,[2806]
51,CTAAAACCCCGT_2,[36]
52,TGTGTCACGTCA_3,[773 824]
53,CGCCTCACAATT_5,[436]
54,GTGATCGCGACG_4,[645]
55,TCTAGCCCCGTT_2,[53]
56,CCGCTGCCCGCG_3,[1393]
57,TTATATACGCTA_4,[1250]
58,GTATCAATCGTG_3,[1915]
59,ACCGGCCGTAGT_5,[437]
60,AGTTGATTCCCA_4,[2653]
61,ACCAGCAAGTGC_3,[689]
62,CGAATGCGCAAG_5,[172]
63,CAGTGCGCAGGC_3,[1884]
64,CGGTCTACCGTA_5,[435 466 468]
65,GAGTCGCGCTTA_7,[73]
66,GGCAACACTAAC_3,[1953]
67,GTCATCCCTGTT_8,[2588 2626]
68,AATCACCTTAAA_4,[1291]
69,GACACTTCTCAN_8,[2723]
70,CGATTACCAGCT_9,[264]
71,CCTCTCATCACT_4,[1743]
72,CGTTACTAACTG_5,[209]
73,TATACACAATAC_3,[1244]
74,ACTTTTGCCACT_4,[1667 1670]
75,CGGAAGCGTCTT_8,[2599]
76,ACGCCGTCTAAT_8,[2692]
77,TAGTCTCAGACA_3,[ 955 1036]
78,CCGTATCGGTTT_4,[1019]
79,CCGTACTGTTCT_7,[2872 2875]
80,TTGATCTTAGAG_3,[1154]
81,TTTTTTCCGAGA_3,[1008]
82,GAGTGGCCTTGA_3,[1113]
83,TAACGCATCAGA_10,[228 304]
84,GCGGCAGGGCAG_4,[1328]
85,GGATATATTCCG_3,[1344]
86,TTCTTCAGACTC_5,[117]
87,AAAGCTAATGTA_3,[953]
88,TACCCACAAAAG_5,[237]
89,ACACACCAGTAA_4,[1249]
90,ATGAACGATGGT_5,[87]
91,CAGACTTTTAGC_2,[184]
92,GGTATTCGGCGA_8,[ 988  991 1027]
93,GCCAAGTATAGC_4,[2278 2317]
94,ACTCTTTGCAAG_4,[721]
95,GAGCCAAGAAGC_3,[711]
96,ATTTAACCTTCA_4,[1667 1670]
97,AACCTTCCATTG_8,[2938]
98,CAATCTTGGATT_3,[997]
99,GGCAATAATGTC_4,[1633]
100,ATCAATGCGTAT_3,[2647]
101,GCCGAGCTTTCG_4,[1290]
102,CACAGTAGTGTA_4,[1328 1329]
103,CTGTATATATTT_4,[413]
104,GCATGGCCTATG_2,[149]
105,CGTCTAGTTGCG_3,[1180]
106,CAGCCCATTCGT_5,[163]
107,AAAGTGAAATTC_4,[3015]
108,CTCCATTACCGA_10,[1180]
109,CTCGCAGGAATN_4,[1633]
110,CGCAATTCCAGA_3,[1114 1149]
111,CAACCCTTCGTC_6,[874]
112,ACAACTAATAGT_4,[1251]
113,CCCATTCTTTGN_5,[171]
114,GAGCGTCCGGTA_3,[1662]
115,CTGTTAATTCTN_8,[1182]
116,TCGTACCTTAGT_3,[1048]
117,CGATGCTCCGAN_8,[2556 2593]
118,CCCCTCTAACGG_3,[1162]
119,CACGAACCAAAN_3,[2319]
120,AATGTCTAACTC_3,[1114 1195]
121,CGGTAAGAATTA_4,[1404]
122,GTTATCTCTTCG_3,[1090]
123,AACTCCGTTTCC_6,[1180]
124,TCCTCGGTCAAT_3,[1737]
125,CCTACAAACATT_5,[129 165]
126,ATGGTAACGCTC_4,[2988]
127,GAACTCGAGCAT_4,[644 683]
128,GGCCACGTCACG_3,[1070 1109]
129,GTCGCCGTTCGA_3,[1075 1113]
130,GGTTTGTAGGTT_3,[957]
131,CTTTCTAGATCG_2,[110]
132,GAGTAAATATTC_3,[ 781 1352]
133,GATCAGCCTATN_4,[ 911 2657 2658 2659 2695]
134,ACCTTTCCTTCT_9,[262]
135,ATCTTCCATCCA_4,[1250]
136,AACATATAGGGC_4,[1401]
137,TCATCCTATTCN_8,[2549]
138,AAGCCTCCATTT_4,[2314]
139,CCACGTATTGGT_3,[1994 1995]
140,GATTCTTGTCGC_4,[681]
141,TGGTGCTATTGN_3,[1124]
142,AAGTTCATACGC_3,[807]
143,GGAATCGATCTC_3,[974]
144,GTCTTACCCCTG_4,[1822]
145,GTGAGCGTAATT_4,[568]
146,ACCGCTTGACGC_3,[1127]
147,AACCTAAAGCTA_3,[2596 2938]
148,AAGATGTTTAGA_3,[748]
149,AGGAAGACATAC_4,[1291]
150,ACGACCGAAACT_2,[113]
151,GAGAAACCAGTG_4,[759]
152,ATGGAAAAGCGT_8,[644 679]
153,ACACAAGGGTCT_3,[806]
154,ACTTCTGAAGAN_3,[1202 1203]
155,CTCCAAAGAAAT_4,[987]
156,TTGGTGCCGAGA_4,[987]
157,GCCCACATCCCA_4,[797]
158,AGTACTTGCTCA_4,[1250]
159,TGTTGAAGCGAC_3,[708]
160,TTAGAGTTTTCC_4,[1592 1629]
161,ATTCCTAGATGG_3,[1320]
162,TGACTCGTGCCC_4,[1705]
163,CCAACCCCCTTA_4,[1251]
164,GAAACGGCCGGT_4,[1557]
165,GACTAGCCACTT_5,[160]
166,GACACCCGACGT_4,[1401]
167,TTGTTCGGATTG_3,[1066]
168,GAATATGCTTGT_10,[537]
169,GAATAGCTTTTT_4,[3029]
170,AAGTCCCTAAGC_7,[2874]
171,CCAAATCGAGTC_9,[569]
172,ATGCCTGACCCT_3,[1231]
173,ATCTTCGCATGA_8,[2766]
174,TGGCGGAGACCG_5,[363 364]
175,GTTAACGAATAG_11,[2484]
176,CTAGAAGATGCG_3,[2566 2605]
177,CTAATCTTCTAG_8,[2732]
178,TCAGCTCCTTCT_4,[987]
179,TCGAATAACTCC_2,[107]
180,TTCACACAATTT_2,[37]
181,CTTATACGAGAG_6,[2014]
182,GATGCGTAATCA_3,[1682]
183,AGGAAATCGATC_4,[3029]
184,TCTGAGGACTAC_3,[984]
185,GGTTGGCGTACC_3,[1314]
186,TAGTTCCGTCAG_3,[1089]
187,CAACACGTCTCC_3,[ 162  203 3011]
188,ATATAATGCTAG_3,[1026]
189,GTACTTAACGGT_3,[1129]
190,TGAAATGATGAG_4,[1479]
191,TACGCGCTGTGT_9,[493 531]
192,CATACGATAGAG_4,[ 987 1024 1061]
193,TTACAACCCTTT_3,[1054 1090]
194,AGGCACACTGAN_3,[1269]
195,ATAGATACACTC_3,[1147 1225]
196,GATTTACTCCAT_3,[1124]
197,AATCTAACCCCG_3,[555]
198,GTCAGAGATTAC_8,[2625]
199,ACAGGCTAATCA_8,[2484 2560]
200,TTTGACCCATGN_3,[1318]
201,GGTCTCTCCTCC_3,[2280]
202,TTACCTTCTGAA_7,[2884]
203,CGCGTTTATCGA_4,[1291]
204,CAAGCGGGTAAT_3,[1124]
205,AGGGGCCCTCCT_3,[646 687]
206,CTGATAAACGTC_3,[2677]
207,TATGTATATGTT_9,[413]
208,TTTGATATAAGC_3,[1166]
209,CTTCAGGTGCGA_7,[2919]
210,AGGTCATTTAGG_8,[2676 2677]
211,TAAAGTCCCTTG_9,[ 302  413 2934]
212,AGTTCTACGTTT_3,[540]
213,TACTATGCGAAC_9,[262]
214,AACACCCACGGA_3,[1276]
215,GTACGTGTGATT_8,[2644 2646]
216,TATAGCTGCAAT_3,[653]
217,GTGCTGCATCCA_4,[1251]
218,GCAGGTTTACAC_3,[1052]
219,CCAGGCTCTTCT_5,[171]
220,ATCGTAGGAGCA_4,[1098]
221,CAGCCTGGCACG_4,[679]
222,CAACGAAGCAAT_3,[1122]
223,AACACCTAACTN_4,[2658 2659]
224,CCCTGTTTCAAN_3,[2181]
225,TACAACACTGAT_8,[2748]
226,CAACCAGTGTGT_3,[895]
227,TGTCCTTTGAGG_4,[340]
228,CTGTTATATTCT_8,[1055]
229,ATGAGCTCGACT_3,[1061]
230,TAGACAAACTTC_3,[1229]
231,GATTGTAACCCA_2,[37]
232,GTGTTGGTGCTC_5,[2973]
233,TAATACTTGTGC_3,[1915]
234,GGAATCATTTGC_3,[2411]
235,GTATCCCCAGTN_3,[802 838]
236,AAATATACGACT_6,[1750]
237,TGCCACGGTTTG_6,[988]
238,GCCTATGCCAAT_4,[1557]
239,GATCCTCTGGTT_9,[262 341]
240,GTGTCACCGTCT_3,[1102 2168 2208]
241,TAACCTATACCT_5,[426 428]
242,TCTTTTTGTCAC_3,[406]
243,GTGCTCAATCCA_4,[1328 1329]
244,TATTAAATTCAG_3,[753]
245,CTCCTCTCCGCC_8,[2624]
246,GAAAGTCGTTAG_4,[2995]
247,GAATACCCGATG_4,[493]
248,ACGGATGATGGC_3,[1217 1218 1459]
249,CATCTTGCTCTA_6,[2014]
250,TACAGAGCGGCG_3,[1738]
251,TCGAGTTGCTAC_4,[1214]
252,ATAGGTCCCGGT_4,[1291]
253,GGAGTCTGTCAN_3,[1009]
254,TGGTTTAAAGGT_3,[2080]
255,CGTGCGGCCGGA_4,[1252]
256,TACAGTGTTGCC_11,[2566 2605]
257,CGGAAGGTATGG_3,[1014]
258,CCCCGCAACAAN_4,[1290]
259,GTTCTAGCCCTA_3,[1961]
260,CCGCTTGTCATG_3,[2259]
261,TGAACTGCGAAA_3,[1109 1649 1958 1997]
262,TTGACCTGGTCC_6,[950]
263,CGACGTTGGGCC_2,[31 35]
264,TGGCTAGAACTT_3,[2112 2113]
265,CTTCCAAAGCTG_3,[657]
266,GCTATGGGCTTC_4,[606]
267,GCACCGAACCGC_2,[146]
268,AGGCCCCATCAA_8,[2645]
269,CGTCTATCCGTT_3,[1027]
270,CTAGTACAGGGA_8,[2727 2729]
271,TCCCTAAAGTAN_4,[2047]
272,TTTAAGCTCTTN_3,[1964]
273,AGCTATGACATT_3,[618 681]
274,TTTCCCTCCCAT_6,[1938 2243]
275,AGAGAGAGGAGN_6,[2130]
276,GACAATAGCAAN_4,[221]
277,ACTATACCCAGC_3,[635]
278,GCATGGTCGTTN_3,[746 747 823 882]
279,TTCTAGAATTGT_3,[767]
280,GCTATGAGCTTG_4,[1096]
281,AAGTAATCTTCG_4,[2988]
282,TCAATAATATGA_5,[363 364]
283,TACCGGTAATAG_3,[3028]
284,GCGCAGGCTACC_8,[987]
285,CCAGCCGCCAAC_3,[1244]
286,ATTTGGATCTAC_3,[1076]
287,GCTACCATTACC_4,[1024 1061]
288,AGTCATCTGTAT_10,[269]
289,ATGACTAACTCT_6,[950]
290,CGTTTCACATGN_3,[1732 1733 1771]
291,CGAGATTTGCCN_3,[1128]
292,TTTCCAGAACGG_3,[1034]
293,ATACTCGAGCAA_6,[1027]
294,CATTAGGTGATG_3,[846]
295,TGTGATGGAAAN_3,[1076]
296,AGTAGTCTAGTG_3,[1180]
297,TCCCTAAGATAC_4,[1667 1670 1671 2955]
298,AGTGGTTCACCG_3,[1352]
299,AACAGTAGTCCA_4,[682]
300,CAGACATCCACA_3,[1074 2935]
301,AGAGGTGAAACA_3,[2298]
302,GTGTGTTCTCCC_4,[1173]
303,GCACGCGCATAA_9,[3015]
304,GCCGCTGCACAA_4,[2618]
305,CCAATGGCTTGG_3,[1124 1198]
306,ATCCAGCGTTTA_3,[1127]
307,GACCTGTCTCAC_9,[377]
308,ACGCGTTTGTGC_4,[1251]
309,TTATACTGAGTG_3,[1227 1229]
310,CTACCCATATCA_6,[1938]
311,TTTAGTAACATT_9,[340]
312,TTCAGAGGAACA_3,[1046]
313,TGAGAGGTCGAG_4,[1133]
314,TTCCCACTCTTG_4,[681]
315,TGACACTTTGGA_3,[1204]
316,CACGTCACCCGC_3,[689]
317,ACTATGCTCAAC_3,[1272]
318,TTTAAAGCTCTT_3,[1964]
319,CAAACACCTGTG_4,[1063]
320,CAGTTGAGTGCA_3,[1192]
321,GAGCTTAAGTCC_5,[192]
322,TTTTCAGTACAG_8,[2630]
323,GTCTTACTGGTT_4,[682]
324,TCCACTATTTTT_3,[1229]
325,TTTCCGTAGATG_3,[2208]
326,TGTGCTCGCAGC_3,[2946]
327,AGGACGCACGAN_3,[1026]
328,GAAAATTGGACT_3,[1076]
329,TTATTCTAATTT_9,[416 417]
330,CGGTTTAACACC_4,[1214]
331,CGGATCCTTATC_2,[31]
332,AGGAGTGCATAC_3,[1119]
333,ACAGCACCGTTC_3,[712]
334,ACCTTTAGTTCN_3,[1994 2075 2298 2337]
335,TCGAATACTCCN_3,[272]
336,TAGAATTTACCN_4,[987]
337,TTGTCCTGGGCG_3,[2255]
338,TACGCCTGTTAG_4,[641]
339,TATTCCCAGAAC_4,[1139]
340,TTGACGGCGAAA_6,[1027]
341,GTGCAGAAGAGT_3,[2080]
342,GTAGGTGCCCTT_3,[2220]
343,ATGCATACCGCA_4,[1366]
344,CTCGTAGCATCC_3,[629]
345,CGGTCTCTACTG_4,[1324]
346,GTGTCCGACCGC_3,[1048]
347,CGGTCCCTCCTC_4,[1061]
348,TGCAATGGGTGA_9,[373]
349,AGACTCAAGTTT_3,[1149]
350,CGTACCGGCGTT_5,[205]
351,TTATGTCTGCAC_3,[1129]
352,ATGATGCTCTCG_3,[899]
353,TCACCCGAGCTG_3,[1316 1353]
354,CGGTTAACAGTC_3,[674]
355,CCTTAGCAGACT_4,[1098]
356,CAGTAGTGGCTT_4,[1251]
357,CCACTCTACCTG_3,[516]
358,CGGAAGTGGTAT_3,[1244]
359,AGAAGCTAGGAG_3,[1077]
360,CCTAATCACCGG_3,[516]
361,ATCGACCCAGCC_8,[2692]
362,TATCTCAAATTT_9,[416]
363,ATCCAATAATTG_9,[262]
364,TCCCGTCCACAT_8,[2172 2209]
365,ACTTACTCAATC_3,[3007]
366,GCATAACGTCTA_3,[1915]
367,ACAAATAACGTT_3,[1684]
368,ACAGTTCCATAT_8,[1139]
369,ACTGAGCGCAAN_4,[1138 1177]
370,CTGACCATTCTT_9,[339]
371,CCAACGCCTGTT_6,[1064]
372,CATCCCCCGTTA_3,[1423]
373,GCATCCGGCTCT_3,[803]
374,ATCCCCTTTTTA_3,[2063]
375,GATATCAGATCC_4,[639]
376,ACCTATACGGCA_9,[416]
377,GTCCTTCGAGTC_5,[205]
378,TAGGCTGACAAN_3,[1119]
379,AGGACTCATTGA_3,[787]
380,ACAATTAATTCC_3,[783]
381,TAATTGGCCAAT_2,[113]
382,CAACGATATGAG_3,[1041]
383,TTTTGATTTATC_4,[1249]
384,CTCACAAGCGCA_3,[765]
385,AAAGGAAGGTAG_3,[ 708 2940]
386,CGCAATAAATCT_4,[683]
387,AGCTAACGAATG_3,[1145]
388,TGTATTTCGCAT_2,[186 188 225]
389,ACACCCTTCCCC_8,[1152]
390,ACCGGAAACGTG_4,[2123]
391,AATGAGACAAGC_3,[748]
392,TCACATACCACA_3,[1229]
393,GTGTATATCATA_4,[ 645  683 3015]
394,GAGTGAGGGCCA_4,[3029]
395,ATTATAGTTTCT_4,[1252]
396,ATATCCCGTAAA_2,[  37 2936]
397,TCGAGCTCGGTG_4,[1062 1101]
398,TCTATTTTGCCT_3,[708]
399,ATCGCATTACGC_4,[1024 1061]
400,CCGTGGACATTG_3,[1168]
401,AACAACTGTGCN_4,[1860]
402,ATCCCTGATAGT_3,[768]
403,TAGCGGCCTATT_7,[2789]
404,TCTGAATTGTGT_3,[1690]
405,AAGCTGAAACTT_3,[912]
406,CCGCACCGGCTA_4,[759]
407,GAGTATGTCCAC_5,[60]
408,CCTAGTTGCCTC_3,[522]
409,TAAATTATAAAG_3,[1166]
410,TTCTTAGGTCCN_3,[2226]
411,TGTTATGACTTG_9,[490]
412,GACATAGTTAAG_3,[1039]
413,GTCTATCCGCTG_4,[1633]
414,ATCAACTGCCCA_7,[2884]
415,CTCCGTTGGATN_5,[156]
416,TAACACGTACTG_4,[835]
417,GGCGTCAGAGTT_3,[1036]
418,AAAGGGCGGTTG_2,[13]
419,GAGACCAACATC_3,[2624]
420,CGTCCCGGCACC_4,[1062]
421,TCTCAGCAATCT_3,[521]
422,CTATCTGTACAT_9,[262 341]
423,TTACAACAAAGC_4,[3037]
424,CGTCTTTCACAT_10,[152]
425,ACACCCCCGCCC_3,[800]
426,ACATAGGAACCC_6,[2242]
427,ATACATCAGCCA_3,[1204]
428,GCTAAGTCATCT_4,[1667 1670 1671 2012 2955]
429,CACGCGCCTAGT_3,[517]
430,CAGCTCATCTAA_3,[2618]
431,GCCTAAAACTCT_1,[827]
432,GCTGTTTATACN_4,[1404 1405 1747 1784 1785]
433,CCGAAGCATGGC_3,[1430 1469 1809 1810]
434,GACAATAATGAC_3,[1239]
435,GTCTACTACTAN_3,[285 323]
436,GCGCAATTGTGN_3,[1241]
437,ATAAGAGACGAG_3,[1114 1149]
438,ACCCACAGCAAT_3,[985]
439,CAGCAGATCCTG_2,[264]
440,CCCAGAAATACT_6,[950]
441,TTCATCTGCAGT_3,[1082 1964]
442,CGAGTCCCTCCC_6,[1254 1521]
443,TAGAATCTAGGG_4,[1290]
444,GTCGGTAATAAT_3,[2381]
445,GCCAGTCGAATN_3,[2406]
446,TACCTAAACGGG_9,[340 490]
447,TGCAACCATCTC_4,[1252]
448,ACTATTGGTGCT_3,[1011]
449,GAGTCGTAGAGC_3,[1281]
450,TGGTCTCGCCTT_3,[1064]
451,CGTTCGCATGCT_3,[1212]
452,TCTCAGCCATCA_4,[1327]
453,TTCATAACGTCG_11,[2365 2368]
454,GAGCCGTTACCT_5,[363 364]
455,ATTGGCCAATTG_4,[528 566]
456,GAAACAGACTTC_3,[516]
457,AGCTCTGCCCGG_6,[2014]
458,TTTCCTGCGCGT_3,[1090]
459,CATACCTAGTCG_3,[708]
460,GGCGAGAATATG_3,[ 708 2940]
461,CTGTAGACCGTG_5,[60]
462,CTGTCAGAGCGT_3,[1090]
463,CCCGCTTCTGCC_8,[2632]
464,GAACCCATATAG_5,[222]
465,ATCGCATCCATG_3,[688]
466,CACCAGCTGTGT_4,[2942]
467,CTTTGCAACCAT_6,[2014]
468,CAAGTGATGGTT_5,[305]
469,GCCGGACACCTC_6,[1216]
470,TTCTTGTTCCCA_3,[1152]
471,GCCATATACCTT_3,[1000]
472,ATACGGGTGCAC_3,[1195]
473,CGTGAGATATCC_4,[1363]
474,TATGTCATAATT_11,[803]
475,ATCATTAGCTAG_3,[959]
476,AAGCTGAGGCAC_3,[788]
477,CACTCTTCAGTA_3,[1886]
478,ACTAGACTCGCT_3,[2604]
479,ATGAGCATGTTT_3,[842]
480,GATCCTTAAAGA_3,[787]
481,TTTTCATCTTGC_3,[1667]
482,CGTTGTCAGTAA_3,[416 644]
483,ACCACCATTGAT_3,[1390 1393]
484,TTGCTTATGTCC_4,[1667 1670]
485,TTGACGCATGCT_3,[895]
486,AACCAAGGGAAA_4,[909]
487,ATCTCCCAAATT_3,[1225]
488,TACGAATTTACC_4,[1554 1555 1556 3029]
489,ATGATACAGTTA_3,[571]
490,GTACGCGACGGG_7,[1061]
491,TGCATAATGTCG_9,[339]
492,ATTATAACCGCT_3,[ 806 2479 2480]
493,AGAAGTGGCCAC_3,[1144 1145]
494,TGAGCCGAGGAC_3,[1451]
495,ACCCACAACGCC_3,[561]
496,AAATTGCGCCAA_3,[2322]
497,AGTAATATTAGT_7,[2874]
498,CTCACCATCTAT_3,[1342]
499,TTTAGAGCTGAC_3,[1278 1315]
500,GTGCGCCACTAA_3,[1166]
501,TGACTAAGCGAA_2,[37]
502,CTCCCGTCAAAA_3,[363 364]
503,GCAGTGAAACGT_4,[379]
504,TTAACTTGCCGA_3,[2342]
505,CCTAGATGATAN_4,[1367]
506,TACATTTTATCG_3,[1146]
507,CCAGAGGTGTCT_3,[480]
508,AGGAAAGTGTCC_3,[993]
509,AATTGGCATCAT_3,[1152 1154]
510,GAGTCGTTGATT_3,[1127]
511,CATATTAGATTC_3,[806]
512,GTTGTTAGTTCT_3,[570 722]
513,CAACCCTGTCCC_3,[1162]
514,GGTAGTGCCTCT_8,[2511]
515,GGCTTCAAATCT_5,[119]
516,TTAAGCGCGCAA_3,[1010]
517,CGCCTCGCGGCC_4,[641 681]
518,GTTGCGCAGAGN_9,[339]
519,GAGCGCGTAGAT_3,[611]
520,TTTGCGCCCTCG_3,[1129]
521,AAGACGCCTCGT_3,[848 849]
522,AATTTCCGTTTT_5,[167]
523,GCGTCGGCGACT_8,[2624]
524,CTACGAAATGCT_4,[2995]
525,TCCTATAAATAG_3,[1128]
526,GTATTTAGGGCG_3,[1228]
527,GCCACCATTTAG_2,[ 302 2934]
528,CCGAGTCTGTGC_3,[1737]
529,GACTGTTCATTC_3,[516]
530,TATCGTACCAAA_3,[1072 1314]
531,CGGCATCACGGA_3,[1265]
532,CTGGGTACCACA_3,[477]
533,CATATGATTTGG_3,[1077 1379 2948]
534,TTAAGGCCCCCT_3,[1096]
535,TTACACATTACT_10,[383]
536,AGAGACACTCGT_3,[1127]
537,GTTCACACGATT_3,[877]
538,TTGCGATAACCA_3,[764]
539,GCCCACCTGAGN_3,[1244]
540,CACTCTTAAGGG_6,[1596]
541,GCAAGGCCTAGA_6,[2129]
542,TTTATAATACGT_7,[2816]
543,CGAGCTATCTCA_6,[1178]
544,GCACACCAAGCG_2,[74]
545,ATTAACGTGACC_3,[2104]
546,GCTCGAGCAGTN_5,[236]
547,GGTCAATCCAGT_4,[2988]
548,AGGTTAGAAACT_7,[2703]
549,ACTGACCGTGTT_3,[365 403]
550,ATAAGAGCGAGN_3,[1229]
551,TGGTCAGAACCA_4,[683]
552,GCAGCATTGTCA_3,[751]
553,GATATATTTAGC_4,[1970 2007]
554,TACCCGCAATGC_3,[1114]
555,CGTCGCTATTTG_3,[1738]
556,ATGACTTCCTGG_3,[1207]
557,CACTTACTACCC_3,[1493 1494 3020]
558,TCCTATTAGTGT_3,[1054]
559,GATCCCAATTGT_9,[262]
560,CCCAAAATAGAA_7,[2910]
561,TTGTTCGGTACT_3,[1074 1108 2935]
562,GTATCATTCGGT_3,[672]
563,AGTTGCGCACGA_8,[2640]
564,TAAGGTCCTTAC_3,[  37 2936]
565,GCGTGCGTAACN_4,[ 645 3015]
566,TTTTTGGTAACT_4,[1097 3013]
567,AGTGGAGTGCAC_7,[2925]
568,TCTCAGAGGACA_6,[1180]
569,AAAAGCGTTGCN_4,[759]
570,TGGTGAGCCCCG_2,[37]
571,GCGACCGAAAAA_3,[522]
572,TCCTCATCTGTC_3,[513]
573,CGCGACGTGGTN_3,[1033]
574,GCGCCAACCAAA_3,[2606]
575,CGCAAGTTCACT_4,[797]
576,TCTAAGCCCGTA_3,[890 891]
577,TTTGACGCGACG_4,[1139]
578,AGATCATAGCCT_3,[800]
579,GCTCACATACAN_3,[1149]
580,TGTCCACCGGTC_3,[1278 1315 1316 1353]
581,CTTCAGGGCATT_3,[1052]
582,CAACTGTGCATT_8,[2672 2674]
583,GCAGAAGATGTA_5,[362]
584,ACTTTAACTGGG_3,[578]
585,ACTCGTTAGAGN_5,[90]
586,CACCAGAACCGG_8,[2558]
587,TAAACCGTCGGT_3,[1016]
588,CGCCGGCTCAGC_7,[2710]
589,GCCTCAATACGG_4,[797]
590,ATGAATATGCCG_3,[948]
591,TCGACGGAAATA_3,[875]
592,GTTGACCAAATC_11,[2484]
593,TCACTCCTGCTC_3,[789]
594,TAGCTACGCCCC_3,[1228]
595,TCTTCTAGGGTC_6,[1140]
596,TGCCTAATGCTC_3,[2499 2531]
597,AACTTCGGAACN_3,[1773 1775]
598,GAACCGCGACCG_3,[2196]
599,CCGATCTAGCGT_3,[1277]
600,GGGACCGGGAAA_4,[683]
601,ATATCCAAGTCG_3,[1149]
602,TTTACCGGTCAT_3,[1200 1201 1202 1203 1237]
603,GATATGGGTCCC_3,[1033]
604,ACTGAACACAAT_3,[1227]
605,ATCGGATTCGAG_2,[37]
606,ATTGCTGGGAAA_6,[2206]
607,TAGGGACGCGGA_7,[2751 2790]
608,GCCCAATGCTCT_3,[839]
609,CACCCTATTGTT_3,[621]
610,GGTCCTAGATGC_1,[1176]
611,CCTGCGGAGTGG_3,[799]
612,GCCACGGCGGCA_7,[2846]
613,GCGGCCTTTAAG_8,[2645]
614,GGTTGGGATCTC_9,[491 492 493 531]
615,ACGTCACGATGC_3,[1002]
616,TGTAGTGCACAT_3,[3003]
617,GGCGTGCGAACA_3,[1186]
618,ACGGCCGACGGG_4,[759]
619,AGGCGGCCGAAG_3,[1244 1314]
620,GGCGCCAGTTAC_3,[2566 2605]
621,CGCGGTGGCGTT_4,[1404]
622,GCTAGACCAAGT_3,[1129]
623,GGCTATGACATT_3,[681]
624,GCTATACCCAGC_3,[1054]
625,CCAATATTTCCA_3,[1158]
626,GCCCCTGGCATA_4,[1252]
627,TGATCTCGCGAC_4,[987]
628,GTACCCATAAGA_4,[1290]
629,TCATCTTATACA_4,[911 984]
630,CGAAGAACAAGA_4,[1667 1670]
631,AGCTTACTAATC_3,[1126]
632,GACGCAATCATN_6,[1178]
633,CGTTACCCTGTC_3,[557]
634,TGCACCGGCCGA_3,[477]
635,CGGTTTAAGTAC_5,[0]
636,ACTACAAACTTT_4,[1366]
637,ACGGCCATGGAT_5,[441]
638,GAATTTGCCACC_3,[1076]
639,ACCCTGCCTAGT_9,[416]
640,GAATCATGCAGG_4,[1023]
641,CTACCTTCGGTC_4,[1328]
642,ATGGACTTCAAA_3,[1244]
643,CAGTACGCAATN_3,[1054]
644,TTGTAATCGTAN_3,[2085]
645,TTTGACGCACTC_3,[1878]
646,GCCAATGACCTC_4,[1213]
647,CTCATCAACTGG_4,[1021]
648,GTTTAGGAATCG_4,[2942]
649,AGTTGCACGAAA_3,[1070 1109 1111]
650,CGTACATGAGTT_4,[1252]
651,TCAGCTTTAGAC_10,[499]
652,GTTCCAGTTCCT_4,[795]
653,ACTTAATATTCT_5,[329]
654,AGTTTAGACGGC_3,[1074 2935]
655,ATCAGTTAGAAN_3,[663]
656,ATCTACGCAAAG_4,[1252]
657,CACACGCAATAG_8,[2600]
658,TCAAGCGAATGA_5,[88]
659,ATCCCCATGCTT_3,[674]
660,AAGAAGCTCCGT_3,[1047 1048]
661,TAAGTAAAGACC_3,[1047 1048]
662,AGTTAATAAATT_4,[1063]
663,GCATATATTCAT_5,[154]
664,GCACGTACCTCC_3,[1152]
665,GCATGAATCACG_4,[1213]
666,ACGCTCTGGTCT_3,[2940]
667,CAACTAATGACT_4,[872 873]
668,CCCAAGAAGGAN_4,[1063]
669,CCAATTCTTACC_3,[1082 1085 1119]
670,GATCGATACATC_4,[ 759 2084 2937]
671,CCAGTGCGACCG_4,[1248]
672,TTTTACACTACN_3,[992]
673,CTAATCGGGGAC_5,[366]
674,TACGACTCCTAA_4,[682]
675,GCTAACTGGAAA_4,[3029]
676,GAACGCGGCTTT_3,[1228 1684]
677,ATGCCCACACTC_8,[987]
678,TCAACCGAGCCT_4,[3013]
679,GGCTAGATAAAN_4,[985]
680,TTGCTTATCATG_4,[1025]
681,ACAAGGCATATT_3,[957]
682,ACGAGGAGACTT_3,[2948]
683,CAGCAATCTACA_3,[1052]
684,TGCAAATCCGTC_8,[2640]
685,CCGAGATCTATA_3,[846]
686,GTGACTAAATAT_3,[1008 1281]
687,TTCCCGACCTTC_3,[1360]
688,TCAATTTCCATA_9,[416]
689,AACATCCCCACG_3,[1557]
690,ATTAATGTCTGN_4,[1249]
691,CTTGATAGACTN_4,[1138]
692,ACCGGTTATAGA_5,[119]
693,GTGGCACTTCTC_3,[406 442]
694,CCTCGGAGGAAG_3,[2365 2368]
695,TTCTTGACGTTT_2,[73]
696,GAGCCACGGTCA_3,[1962]
697,GATACATGGAAG_3,[3003]
698,TTGCACAGCATT_5,[163]
699,AAACAGCCGAAC_5,[748]
700,CCGCCGACCAAT_3,[1685 1686 1723 1724 1725 2951]
701,AGCCCGATAAAA_4,[1213]
702,ATACAAACCCTC_4,[1251]
703,TCGTGCTCCCCG_3,[974]
704,TCTTTAGTCCTT_3,[996]
705,GCACTATCGACA_3,[2940]
706,TTGAGGTGATGA_8,[2602]
707,CAATTTGGTGTT_5,[124]
708,CCGACCCGCTTG_3,[1129]
709,GGATAGCATTTN_3,[2170]
710,AAAGAATTGATA_4,[2123]
711,CGGCTTAGAGAA_4,[1443 1708 1745 1746]
712,GGAACATTCCAG_9,[377]
713,CCCCTCGAAGAN_2,[59]
714,TAGTGTCTGTTC_2,[37]
715,GCCCCTCACGGA_4,[645]
716,AGTCGGCATGTG_3,[1254]
717,TTTCACTGACAT_10,[577]
718,TTTTCCAATAGG_3,[863]
719,CCAGGATGAAAG_3,[684 723]
720,TGACGGGAAATC_2,[37]
721,TTTGTTATCTAT_3,[1432 1735 1775]
722,GACTGGTCTCAG_5,[197 198]
723,ACACATCTATTT_8,[2433]
724,ATACTAATCCGG_4,[1249]
725,AGGCCTGACGTA_3,[1307]
726,ACGGCTTTGGTC_3,[1027]
727,CGATCACTCCGA_4,[1671 2012 2955]
728,CGCTTTAAGTAT_5,[79]
729,TCCCCATCTTAN_3,[2218]
730,CACGGAGTTATT_4,[797]
731,TACTCTCGACAT_4,[2314]
732,TTCAGCGCAGTC_3,[1000]
733,ATTCCCTTCATT_4,[1404]
734,AACCTAGGGAGA_3,[1202 1203]
735,CGTACAGGTCGT_8,[2831]
736,GGTTCGCTCCTT_3,[2117]
737,TCACCCTTCCGC_3,[828]
738,TTTTCCCAAGAG_10,[570]
739,GTCATTGCTGGT_8,[2647]
740,ATTCTCTTTTTG_5,[18 50 61]
741,AAGAGCGCGAAT_3,[1839 1926]
742,AGCCAGTCACGG_9,[262]
743,AAATCCGTCGCG_3,[ 668  738  743 1047 1048 1077]
744,CCTACACGGCTA_5,[87]
745,AGATCATCATAA_5,[124 125 161]
746,CACCTGCATTCC_11,[2484 2560]
747,AATTGGTTTTTC_3,[1016]
748,ACTACTTCGTAG_4,[795]
749,CATCACTGTACC_3,[1633]
750,TGCAAGCGCCTT_3,[744]
751,GTGACGGGCGGG_3,[1229]
752,ATATTCGGAGCC_3,[1700 2946]
753,CTCCGTCATTCC_3,[646]
754,ACCCCGTTTATA_3,[2972]
755,GCCCTTTGCGGT_8,[2644]
756,ACACTACTGGTC_4,[607 643]
757,GCCCTAACTCTA_3,[2085]
758,ACAACTTAATAC_3,[1175 1212 1590]
759,ATTAGCTCGTCA_4,[872 873]
760,ATACTGTTCTTA_4,[2123]
761,CGACTGGTCTAT_3,[330]
762,TCAGAGTTACTA_3,[1244]
763,GAACCAAGTTGC_4,[ 980 1360]
764,GAACGTCCAGAG_3,[1667 1670]
765,CTTATGCGCCGC_3,[1229]
766,AGTTTGATAACA_3,[1159]
767,GACAGTGGCAAA_3,[1282]
768,CGCCTTTAACTT_3,[1830]
769,TTAGTACGGACG_6,[1902]
770,TCTTCAAGGAGT_4,[1366]
771,GCCTACACATTA_3,[2940]
772,TTTGGCCCAGGT_3,[987]
773,CTTCCGAACTCT_3,[649]
774,AGGAAGCAAGCG_4,[2123]
775,GAAAGTTCGAAN_5,[119 121]
776,TATTGAAGTCCG_4,[2929]
777,CTCTATACGCTC_10,[838]
778,TTTCGCGACAAT_3,[1027]
779,CGATGTAGGACT_4,[1212 1251]
780,TATAGTCCCTAT_3,[2219 2255]
781,GTGAGCTGAATG_3,[1129]
782,GTTTTGGTCTGT_7,[2715]
783,CGCCCCTAGTCA_3,[1282]
784,GTACACGCTAGA_9,[376 417]
785,CAACGCATATAC_3,[1036]
786,TGGGAACCCCCA_3,[1151]
787,TGTGGGCTGGCG_3,[1099]
788,TTCCGCATGTCG_2,[74]
789,GGTACTGACACG_3,[1054]
790,TCATAGGCCGAG_4,[1139]
791,ATTACATGTTTT_8,[2768]
792,CATTCCAACTGG_6,[2015]
793,TCTTAGGACCTG_3,[1014]
794,ATGCTGTTGAGA_3,[1352]
795,CAGCGGTGCGAG_3,[878]
796,ACGATATCGAGG_4,[2012 2049]
797,GCGCGCGTGGGA_3,[1250]
798,TGTTAAACTATC_6,[1938]
799,AGACACTGCCCT_3,[1536 1573 1577 1579]
800,AGTAGACTCTGG_3,[1151]
801,GGTAACGATCGT_4,[1366]
802,AATGTATAAGAN_3,[2490]
803,TGGTAATTTCAG_4,[681]
804,ACTCCTACACTG_3,[1314]
805,CCGACAGGAGGC_3,[ 790 2082]
806,ATTCTGGCCTCA_3,[1124]
807,GACCAGTGAATA_8,[2937]
808,CCAAGTTGCATA_4,[1251]
809,AATTTTAAGCTA_3,[1609]
810,GGGACGTTAAGA_3,[948]
811,AAGATTCATAAG_5,[62]
812,ATATTGCCCGTC_3,[878]
813,TGGGTCTGAGAG_3,[2232]
814,GCACGCTTCGAA_3,[1031 1264]
815,GAGTGAGCTGTG_7,[3017]
816,CGCACAAACCGA_3,[1191]
817,GTCGATGCATGG_3,[746 747 748]
818,TATCCGTCGTAA_3,[1048]
819,CAGTAGATAGTG_3,[ 956 1166]
820,GCTTGTAGTTTN_3,[1696]
821,TTGGAGCAGAAT_4,[683]
822,TTTGGGATCAGC_4,[2162]
823,CTAACTAGAGTA_10,[461]
824,TGATAAATTTGA_4,[872 873]
825,GTCCACACTGGC_3,[1109]
826,CCCAGTGCCGTA_3,[1031]
827,CGGAAGAGCTGG_4,[946 947]
828,CTGTCGTACGGT_3,[632]
829,CGCCCTAGTCAN_3,[1026]
830,CGATTCAGTAGC_3,[1945]
831,ATACGGCGTTGG_3,[1017]
832,CGTATAAGCTCC_3,[2043 2155]
833,GCCCCCTGTACN_4,[645]
834,CGGGGCGACAAC_6,[1217]
835,GCTATCTGGTAG_6,[1140]
836,CTGCGGCAACTT_3,[672]
837,GATATCCACATA_3,[559]
838,CTGGCCAGGGGC_3,[749]
839,AGAGACCCTGAC_4,[1894]
840,GTAGGTAGAGAT_7,[2789]
841,CGACGTTGGCAC_3,[825]
842,GGCCTCAGGTGG_4,[1667 1670]
843,GTACGCACGATT_3,[598]
844,CATCGATGAGGT_3,[1978 1979]
845,ACGGTGAATTGG_3,[846]
846,CTGCCCACAAAT_4,[1329]
847,GTTTGGGCCCCN_3,[840]
848,TTGGGTCTAACA_3,[1619]
849,AGATCGACAGCG_3,[1053]
850,TCGGCGTAACTT_3,[1775]
851,CGACCCGGACAG_3,[ 750 3007]
852,ATAGACTCCACN_7,[2780]
853,AATTATTTGTAT_3,[653 655]
854,ATCATCCAGATC_6,[950]
855,ATAAGTGGACTA_4,[1666]
856,GCCAGTATACCC_4,[1249]
857,CGTTTAAGTCTC_4,[1288 1327]
858,CAGTACCTAGAG_3,[1054]
859,CTACACACTATT_4,[1247 1285]
860,TACTAGCCACAC_8,[2484]
861,CTGACAGTATCT_6,[1216]
862,GTCTGTGAACTG_10,[536]
863,AAATTACGTAGN_4,[1291]
864,TAAATAGCACAA_10,[874]
865,TCCTAGATTTTG_4,[3000]
866,TACGAAGACACT_3,[1629]
867,CTCACAGGATGA_3,[1105]
868,CCTAATAACTGA_5,[171 363]
869,AATTAACGTAGT_4,[2278]
870,ATACGTTCTGGA_4,[3037]
871,CCAATATGGTGA_4,[607 643]
872,CATCGCAATAGT_3,[1113]
873,GGCCAATTCGCG_4,[1249]
874,CGGTAATGGGAA_4,[1212 2942]
875,CACTAGTCGTTT_8,[2809]
876,TCGGCAGTAGGA_9,[528]
877,CACAACAATTGT_3,[1143]
878,AGAATCAAACCT_3,[445]
879,TGTAGAGCTGCC_2,[   8 2936]
880,ATCTTCCGGTAT_3,[885]
881,ATAGTGCTGTCC_4,[2988]
882,GGAATCACACAA_5,[177]
883,ATTCAATTCGTG_3,[484]
884,CTTTCTACGGTT_3,[1174 1211]
885,GTTTGCAGAACC_4,[797]
886,TGGTCTGCTGAC_3,[ 730 1167]
887,GCTATCTTCTGG_3,[1000]
888,AACGGCTCCACN_3,[587 655]
889,GCATGATTAGCG_3,[718]
890,ACTCAGGCTCCC_3,[519]
891,GAAGTCTCCGTC_4,[1062]
892,ATTCACACCAAC_3,[1487]
893,GTCCCGCTGTTT_2,[74]
894,CAGTGAGTGATA_9,[528]
895,CAGCGACTAAAG_4,[2087]
896,GCCCAATGGTAC_2,[186 188 225]
897,ACAGGCTATACA_3,[823]
898,AGACCTTCGCTG_8,[2585]
899,CTTCTCCCGAGA_3,[1474 1512]
900,CAACGAAGCAGA_5,[152 161]
901,AAACACCAGGCT_3,[783]
902,CCAAAATGTTCC_3,[1584]
903,CTGAATTCTTGG_5,[121]
904,TATGGGTGTGAT_4,[831]
905,GCTACTATTACG_4,[1250]
906,GCCAACCGAGAA_3,[982 983 984]
907,CGCAACCCTTGC_3,[2946]
908,CGACTGATACCT_7,[2778]
909,TGTGACGTACCT_4,[1933 1935]
910,CGAGACAGTGCA_3,[1281]
911,CAATTTACTCAT_3,[866]
912,GGCTGAACCCGT_5,[132 169]
913,CCGTTCCTGGCN_3,[2960]
914,TTTCATTTGAGT_3,[1184 1642]
915,TAACATACCTCT_6,[1459]
916,ATGCCATTCTCG_4,[642 683]
917,CACTCCGCAGGT_3,[980]
918,ATTTAAAAGGAG_10,[535 573]
919,TCCTGTATCACA_9,[413 414 415]
920,TAACGAAACCCC_3,[1088 1089 1696]
921,TGCTTAGAATGT_5,[232]
922,CATGAACCTTAN_3,[711]
923,CCTTGATTACGC_7,[2844 2880]
924,GACCTACCCGGA_3,[1404]
925,ACAAGGCATTCC_4,[758]
926,ACATGGCACACC_3,[1227]
927,AGCACTTTAGAT_3,[782 817]
928,GCATGACGGACN_4,[ 987 1024 1025 1061]
929,CTATTAGGACTG_2,[33 73]
930,GCAGGAGGCGCN_3,[2940]
931,GAACTATCGGCT_3,[2112 2113]
932,GGAATCTTGATN_5,[503]
933,ACATGAGTGAAA_3,[2951]
934,CAACGCCACGCG_4,[1861 1899]
935,ACGTCACGATGG_2,[33 73]
936,TTTTCAAAAGGA_3,[1393]
937,TCATGTTCGTAT_3,[1082]
938,TTTAGTCTCATN_3,[1668 2995]
939,AGACATAGCTGA_3,[1277]
940,CCCAACTTAATA_10,[309]
941,GCTGGTACCCTG_3,[1743]
942,ACCGGACCTTTC_3,[1329]
943,GGTCTGAGTTAA_3,[2256 2294 2378]
944,CCCATTTCGCCC_3,[1607]
945,TTCGCTATCCAT_4,[948]
946,AACTCGGCTATT_4,[987]
947,ATGCGGGTTATT_4,[ 797 1135]
948,TAGTCCGTCGTC_3,[1189]
949,ACGCTACCACCG_3,[1076]
950,AGTATTCTAAGT_3,[2319]
951,TAGGCTAATCTT_3,[1204]
952,TTATTACGGAGT_4,[2085]
953,GCTGTCATAATT_3,[1124]
954,TGTTATCTTTTC_7,[2790]
955,TCGTACAGTTTG_3,[1355]
956,AAGATTCCACAT_3,[733]
957,TGGATCGGGAAG_4,[1519]
958,GACACCGCTGTC_3,[955]
959,ACTCCGGAAAAA_6,[1635 1901]
960,ATAAGCGTGTTC_4,[1251]
961,GAACGGTGATAG_3,[363]
962,GTGGGACAACGA_3,[1214]
963,ACTGGTTTCTTG_3,[1054]
964,CACACATCTGGT_4,[1667 1670]
965,AGCCCCACATAG_3,[840 878]
966,GCTTGTAGTGTC_8,[2758]
967,AATAGTGCTACC_3,[1147 1190]
968,TTCGATGCGAAT_3,[1108]
969,CCACCACGTTAT_3,[839]
970,CTGAAACCCAGC_4,[1328 1329]
971,TGTCCATCGGCT_4,[987]
972,ACGAACATGCCC_3,[2087]
973,CGGAACGCGATG_3,[745]
974,TATACATCGTCC_4,[1633]
975,GTTTATTCTGCC_4,[1782]
976,TCCACTTATTTT_4,[2012]
977,AGGCGCGTTCCT_4,[1250]
978,CTTGCACATTTA_3,[1556 3029]
979,ATTCTGCTATCT_3,[1129]
980,CGGATTAATGTA_3,[1990]
981,ACACTACTTCAA_4,[528]
982,TACTTTATCCGA_3,[1915]
983,ACTTTGAGAGTT_3,[1036]
984,ACAATGTCCTGC_3,[1054]
985,TGAAGGCGCTAT_4,[2162]
986,ATCGCATTTGGC_10,[383]
987,TACGTCTGATAT_5,[167]
988,GTAAATAGCAGA_3,[842]
989,CCCCAATAGTCT_5,[405]
990,TGACAAACGAAG_4,[2615]
991,CCCCACTGATTT_3,[977]
992,TTATCTTTTTCT_5,[48]
993,TTAGGGACAGAC_3,[987]
994,AATGAGGCGCTA_3,[1281]
995,AATGTTTTCTTG_3,[1180]
996,AGGTTTTTGGAA_6,[1521]
997,AGACAACAGAAT_3,[2246]
998,AGCCTTTCCTGT_3,[1682]
999,AACGAAAGTGGA_4,[1557 1823]
1000,CGCAACGACTTC_10,[912]
1001,CTCCAAAAGCCT_9,[149]
1002,GAACAGCCATGN_6,[1027]
1003,AACTCTTGGCGT_6,[1979]
1004,TAGTCGGTTTGN_4,[830]
1005,GCCGTCAGAGCN_5,[1244]
1006,ACGAGAGACCCC_3,[829]
1007,GATTTCGACGGA_3,[2406 2447]
1008,GTGTTTGTCGCA_3,[1684]
1009,TTACTTGGACAT_3,[950]
1010,ACACTATGGTTG_2,[73]
1011,GTTTTAATCAGG_3,[841]
1012,AAGATAGAGTGN_3,[1301]
1013,CACGCTAGTGCA_8,[2602]
1014,ACGTTATGTCGG_4,[1782]
1015,AGACCGCTGATG_10,[421]
1016,TCTCTGGGAGTA_3,[1621]
1017,AGTCTGTAATTC_3,[1449]
1018,AGCATTACTTAG_6,[1977]
1019,ACGACCCTCCGG_4,[1628 2085]
1020,CTAATGCCCAGG_10,[352]
1021,GATTACAAGATG_4,[987]
1022,ATTCTGCTACTN_3,[1737]
1023,TTTCTTCTCTCG_3,[2268]
1024,CCTGCAGTTTAC_3,[1006]
1025,TTTATTTTCTGT_3,[ 797  872  873 1860]
1026,ATAGGCTATATT_3,[1060]
1027,TACTATGTTGAA_3,[1014]
1028,CGGAAGAGAGTA_3,[3003]
1029,ACATCCCTACAC_9,[302]
1030,CACTTCCCTGCN_10,[424]
1031,CTCTTTACAGTA_9,[339]
1032,GACCAAGAGAGG_9,[340 490]
1033,TCGGACGGTGGA_7,[2916]
1034,GTCATTTAAAAA_4,[797]
1035,TCTCTCTAGTAT_9,[491 493]
1036,GATGTATGTATG_11,[2600]
1037,CCCGACGGTGTA_3,[1282]
1038,TTGGCCCAGACT_3,[678]
1039,GCTTCTCATTAA_3,[1242]
1040,ACTGCCTCGAAT_3,[827]
1041,GTTCGGATTACG_4,[1138 3013]
1042,GGCAAACGGGGT_3,[1915]
1043,GGGAGGCAGAAA_4,[3029]
1044,TCCACTGCCAAN_3,[1244]
1045,CCTGCAAGGCAA_3,[804 842 886]
1046,TAAGCCTAGGTT_3,[2597]
1047,AGTAAATGAGTC_4,[1212]
1048,TGACATCCGAAT_3,[1945 1949]
1049,ATAGGGTTATAG_3,[1018 1056]
1050,AAAGAGTATCAN_5,[423]
1051,AAGAGTGTGGTN_6,[1180]
1052,CCGGTAGCCCGT_3,[872 873]
1053,AATCCGCGTGAT_4,[1705]
1054,ACTCCCCTAGCN_3,[1130]
1055,AGCCCACACGAC_9,[529]
1056,GCCTGCATGTTC_6,[1026]
1057,AATAGGGCTGTT_3,[674]
1058,CTTTTGTTTAGN_9,[262]
1059,TAAGGTCTACAT_4,[1061]
1060,GCGATTGTACCT_3,[484]
1061,TGCATATTGTCG_2,[37]
1062,TGCAGAAAAAGC_3,[781]
1063,ATTCTATGAGGC_3,[839]
1064,CGAGGGTTGTGT_3,[933]
1065,ACGTAACTGTTC_8,[948]
1066,ATGCCGACGAAG_6,[2243]
1067,AGACCTGGTTGT_3,[1389 1391 1392]
1068,AATCTACAGGTG_3,[589]
1069,CATAAATCTTAC_4,[1138 3013]
1070,TATTCCAAAGGG_3,[1990]
1071,GCAGATAGTTTT_3,[1167]
1072,TGTTACGACTCT_4,[ 682 1063 2937]
1073,ACACAGCAGGGA_8,[2602 2642]
1074,GCTACGTCCTAA_3,[1120]
1075,CAGGGGACAGAA_2,[33 73]
1076,GGGCTCTTGCGG_4,[683]
1077,AGTGACTGCGAT_2,[144 148]
1078,CGGAGCCCTTCT_3,[1138 3013]
1079,TGCAGATACCAC_7,[2750]
1080,GCACTACTTCAA_4,[797]
1081,GTTCTGCTATCT_3,[1129]
1082,GCTTTGAGAGTT_3,[1036]
1083,GCAATGTCCTGC_3,[977]
1084,GTCGCATTTGGC_10,[383]
1085,GGGCGCGTTCCT_4,[1327]
1086,GGCCTTTCCTGT_3,[1154]
1087,CCAACGTCTATA_3,[ 823  882 1114 1149 1195]
1088,CATCGTGTTGTG_6,[1292]
1089,TAGAGTTAATAN_2,[36]
1090,GGTTAAGCTTAC_3,[1624]
1091,ACTTGGAAATCC_7,[2790 2834]
1092,CCAGGGATAAAG_5,[912]
1093,AAGGCTTTAGTA_3,[682]
1094,AACCCTAATCAC_4,[1633]
1095,TCGCATCAAAAG_4,[872 873]
1096,CCTGGCCTTGCT_3,[1149]
1097,CATCATATATGC_4,[1404]
1098,TTAGAAAAGGAA_2,[73]
1099,TAAACGGCCGTC_3,[2966]
1100,TGGTAATACGTG_8,[2242]
1101,TCAATCTATGTT_3,[1114 1149]
1102,GCCAATTGAATG_4,[1782]
1103,TTCATTTGAAGT_3,[1114 1149]
1104,TCTTTAACACCC_3,[1196]
1105,GGTATGAGCGTN_3,[1204 1244]
1106,AAACGAGAAACC_7,[2665]
1107,ATATGACATCTG_3,[2127]
1108,AACCATAAGGTA_3,[1070 1109 1111]
1109,TTACCCGTGACA_4,[1667 1670 1671 2955]
1110,TCATGGTCAAGA_3,[1166]
1111,CTCAATGGCAAC_3,[1039]
1112,TCATTCTACCAC_3,[ 646  687 2130]
1113,CGAGCTTGGTGC_3,[646]
1114,CAGCAGTACCAC_3,[2369 2407]
1115,CAGGAGCGCCGN_3,[1200]
1116,CCCATACAGGCA_5,[238]
1117,AACCGGCTCGCT_4,[1595]
1118,AATAATGTGTGN_4,[1556]
1119,ATTCCTGGTCGA_8,[949]
1120,TTCACGTGAGCA_3,[1052]
1121,GCCCATTGGCAA_6,[1521]
1122,TCTCATATGTCA_4,[1212]
1123,TGTGTTGTGCCG_3,[2123]
1124,TTTGACGCGATN_2,[378]
1125,ATCCCTAGTTTT_4,[1666]
1126,GCATTTCACGTG_3,[2187 2255]
1127,CCTCCGCACGGT_4,[2238]
1128,TGCTCCTCGAGG_3,[1076]
1129,CGCCGCCAACAC_5,[403]
1130,TAACTGTTAGGC_5,[87]
1131,GCCGCAGCAACT_3,[1147]
1132,GAAAGCATCTTC_3,[1074 2935]
1133,GCACACAGCGTC_3,[763]
1134,GAATTGACGAGA_3,[800]
1135,GGCTTACGAAGC_5,[399]
1136,ATGAACGTCGCA_9,[377]
1137,CCGACTTCCATN_3,[828]
1138,TTCCGAGCCCCA_3,[895 930]
1139,ACAACTAATTGA_7,[2886]
1140,CTGCCGAGAGCG_4,[682]
1141,AATCATTCAATA_5,[287]
1142,TGCCAACTGGAT_3,[1199]
1143,CTCCTCCTGATC_3,[2218]
1144,AACACCCTCTGA_3,[2940]
1145,TGATCGACGGAT_4,[1291]
1146,TAGTTGGTAGCA_4,[ 795 1098]
1147,GCATCCCACATT_3,[1451]
1148,GTAATCTCTGAG_4,[ 872  873 1213]
1149,AGTGCCAGACGA_3,[1393]
1150,CTCCTGTCAGTC_4,[1290]
1151,ATACTGCTGATN_4,[682]
1152,GGAATATATGGT_4,[1063]
1153,TGATGCTTACTA_4,[1291]
1154,ATTTTCGATCTA_4,[1250 1289]
1155,TCGGAGGTTCCA_10,[266]
1156,AGGACTTGGTCT_3,[1236]
1157,AGGTCGTCCTAA_9,[262]
1158,TTTGAGCTATTT_3,[1667 1670]
1159,GGAACAGGATCG_3,[1736]
1160,AAATCGCTTTAC_6,[1939 2959]
1161,CTCGTAACCTAT_4,[1252 3037]
1162,CCGTCTTTGTGC_4,[1249 1253]
1163,AAATTCTCCGTC_1,[895 974]
1164,TCCCTACCTAAN_4,[1098]
1165,TCGCGGTCTGGA_4,[606 607 643]
1166,AAGATTTGGTAC_3,[707 741]
1167,GGTCCATCGCGG_5,[670]
1168,TACATAACTTAN_4,[1291 1366]
1169,GTTAGGTCTTAC_5,[365]
1170,GGTCATCGCGGN_5,[706]
1171,GACGTATATTCG_3,[1070 1109]
1172,TGTCCAGAACAG_3,[2321]
1173,ATCGCTTGCTCG_3,[955]
1174,CGCGTATATACA_3,[1860 2239]
1175,GACCAGTACTCG_4,[987]
1176,ACCAGTAGCCTT_4,[1631]
1177,ACGTAAATTCCA_4,[834]
1178,CCCAACAGTACT_4,[797]
1179,TTAGCAATTTCT_3,[850]
1180,GACACGATTCTT_9,[262]
1181,TGATGCTGCATG_2,[27]
1182,GGTATAAGTCAG_5,[290 327]
1183,ATCACGTCGTGA_4,[948]
1184,GCACGTCGGTTT_3,[957]
1185,ATAATATCCGAT_5,[163]
1186,GCCGCGCGCACA_4,[340]
1187,GAGTAGAGCGGG_3,[1214]
1188,GAGCTTGTAGAC_4,[872 873]
1189,ATAGAATAGAAC_4,[ 340 1101]
1190,TTCATAAGTGGT_3,[2123]
1191,CCAAGTCTTACA_6,[ 950 1254]
1192,CAGGTTAATCTA_3,[921]
1193,GTATAAATCGCT_9,[262]
1194,GACATATCTAAC_3,[1236]
1195,TAATAAGCCATC_4,[2544]
1196,GACCCCAAGCAC_6,[1027 1976]
1197,TGTAAAATACCC_3,[1766 1808]
1198,TATGATTAGGGN_7,[2734]
1199,CCAGTACTATGC_8,[2547]
1200,CCAAAAGGCATT_8,[2511]
1201,TATGGTAGGACG_3,[991]
1202,TGTCGTATACGC_3,[1047 1048]
1203,TCTTCGACGGAC_3,[1085]
1204,ATAAGTGACAGT_3,[2940]
1205,CCTAGCGATACC_8,[2766]
1206,GTTCCTAGACAG_3,[1244 2993]
1207,CTTAGCTTGATN_3,[1198]
1208,CCGTTTTTAAGC_3,[1166]
1209,TCTATCTCTACG_3,[991]
1210,GCACCCGCCTGA_3,[1114 1912 1951 2996]
1211,CGCTAGCAGTAC_4,[1443 1743 1745]
1212,GTAGATTTGCGG_4,[682]
1213,TTACTGCATGTT_4,[378]
1214,GATCGGCGCGCT_9,[262]
1215,TCAGAACGCCTG_3,[1082]
1216,CACCCTCCGGAT_5,[499]
1217,AGATCAAGCACC_2,[339]
1218,GATTTCACTGCT_4,[2618]
1219,CGAGTGAGTGGT_3,[1158]
1220,TATTCGTCGTAC_4,[1099 1139 1367]
1221,GCCCATGAGTGC_3,[1008]
1222,GGGTCTCCAGGC_8,[2596]
1223,AAAGGTGTTGAG_3,[806]
1224,GCCTATCAATTC_3,[1238]
1225,AGCTTGAAACCG_3,[1064]
1226,GGTACGCACCGG_3,[2940]
1227,ACTAACAGAGTG_3,[3029]
1228,TCGCAGCATCGC_5,[119 155]
1229,TTATTATGATAC_6,[1521]
1230,GAACGATATTGG_9,[73]
1231,ATGGCGGCACAT_9,[262]
1232,TTCGAGATGAGT_3,[1048]
1233,CCACGCGTAGCA_6,[1408]
1234,TAGCATCGGCCA_3,[1050 1124 1125]
1235,TCGTCATCTATT_5,[436]
1236,GCTTGCACAAAT_2,[2936]
1237,CGGAAAACGTGN_3,[718]
1238,ACAGTTCCCCAA_4,[906]
1239,GAGCTGACGTCN_4,[1250 1289 1556 1934 1936 1971 1975 3029]
1240,CCGCTAGAAGCA_8,[2643]
1241,GTCTGATAGGGT_5,[172 211]
1242,TTGGAGACGGAA_6,[952]
1243,CGCTTGCTGAGN_3,[2066]
1244,TCGATAACAGTG_5,[311 421]
1245,ATTTGGTCTAGC_3,[793]
1246,AAGCCTGACTTN_2,[ 147  261  301 2956]
1247,CACGAAGACACT_10,[458]
1248,CCGGCATTGGAC_3,[657]
1249,GCCGTTCGTTCC_4,[759]
1250,CGATCTACACCC_3,[1061]
1251,TAACATGGGTTG_3,[1070 1109 3003]
1252,GCTGTGATCCAC_3,[1042]
1253,GCTCTTACCAAG_5,[119 121]
1254,GTAAGAGAGATA_3,[1108 1383 1384]
1255,TAAGACCTCCCC_10,[ 342  381  421 3023]
1256,ACCCTGTGACAA_8,[2542 2543]
1257,TATACTCCCAAG_3,[950]
1258,AATACATAGACT_3,[1180]
1259,ATGCAGTGTCCT_3,[1204 1234 2993]
1260,GTGATCATCTCA_3,[1451]
1261,GGCGCATACCAC_3,[2961]
1262,AGAGGGAGAGAC_3,[2314]
1263,TTTGGCGACCGA_3,[340]
1264,GTGGATGAGTTT_4,[3015]
1265,AAGTAGGGGAGT_8,[2602]
1266,AGCTGGCGCGAT_8,[2471]
1267,GGAACGAGGACN_4,[2126 2164 2202]
1268,AAATTGTATTGG_3,[2002]
1269,GAATGGAGCATA_8,[2723]
1270,TTAGCAACGCGG_4,[1290]
1271,CTGGAAATGCCC_3,[589 591]
1272,TGTTATCTTCTT_4,[1251]
1273,GACCCAGTTGAT_3,[482]
1274,CCCCTTCGACTT_3,[1016]
1275,TAGCAGATAAAG_3,[1459]
1276,GCGTACTGCTGA_2,[36]
1277,TGAAGCTCCCGA_3,[1129]
1278,TGCCACTGCCCN_3,[1215]
1279,TGAAGCAAGTAC_3,[1147]
1280,GTGGGTAAGGCT_3,[1955 1958 1997]
1281,ATCCAGAACGCG_3,[2260]
1282,GCGAGCCTGTAA_4,[1253]
1283,GCCGACAGTTCC_3,[2188]
1284,ACGCAATTCACN_3,[1269]
1285,AGGGCCGATCTT_4,[1782]
1286,GCGGTTCTGTTN_1,[1323 1628]
1287,TAGAGGACCGTA_3,[1082 1119 1158 1195]
1288,TTGGGTAACAGC_3,[1166 1204]
1289,GTGAGCTTATGG_3,[1149]
1290,GCTTCTCCGTCT_3,[1994 2075]
1291,GCTTGGAAATCC_7,[2874]
1292,GCGATCAGTCTT_3,[895 897 933]
1293,AGAACGATATAC_8,[ 682 2937]
1294,CCGATTCGCTTN_4,[3029]
1295,CCTCTCAGTCTC_5,[161]
1296,GACTCTCTCGCA_4,[757]
